call,5C - KC
call,QH - 8S
fold,10C - 5S
fold,8D - QH
fold,5C - 4S
raise,9S - 9C
raise,9S - 9C
fold,KS - 2S
fold,3S - 10S
call,AC - AH
fold,5C - 8C
fold,6S - JS
call,8S - 8C
call,4C - 5H
fold,3H - AC
fold,9C - 8S
fold,KC - 6C
fold,2D - 5C
fold,4C - 10D
fold,7S - 9C
fold,9D - KS
fold,3H - 7H
raise,10H - QS
fold,2C - QH
fold,4S - JH
fold,AC - 7C
fold,2D - AH
raise,AC - QC
fold,AS - 7H
fold,KD - 9S
raise,JH - QS
fold,JH - QS
fold,9D - 2C
fold,6C - 5H
fold,JC - 10S
fold,7S - 6C
fold,3S - 10C
fold,8C - AS
fold,3C - QH
fold,10D - 5C
raise,5S - AS
fold,5S - AS
fold,AS - QC
call,6H - 2H
fold,JC - 10D
fold,5D - 7H
fold,QD - 4S
fold,9D - 7D
fold,QC - AS
fold,9S - 3H
fold,6S - 4C
call,JD - KD
fold,5S - 3C
fold,6S - QC
fold,6S - 3S
fold,7D - 6C
call,KH - 10H
fold,3H - AS
fold,AH - JD
fold,6H - KD
fold,5S - KS
fold,10H - KS
fold,2C - JD
fold,6H - KH
fold,KH - 6H
raise,KC - QC
fold,7D - 4H
fold,3D - 5C
fold,2D - 9H
fold,9S - 6H
fold,4D - 7S
fold,3C - 10H
fold,9S - JD
call,3D - 9D
fold,6C - AS
fold,6C - 4D
call,6S - JD
fold,9D - 2D
fold,4H - 5S
fold,KH - 3C
fold,7C - 2S
fold,QC - 7D
fold,JC - 4D
fold,8D - JC
fold,AH - 5C
fold,KC - 8H
fold,10C - 7H
fold,KD - 4C
raise,KD - JS
raise,JH - AS
fold,6S - 2H
call,AC - QD
call,QS - 4H
fold,4H - 2H
call,3D - 4D
fold,3D - 4D
fold,7H - 9C
fold,10C - 4D
fold,4D - 2C
fold,4S - 7C
fold,4D - JS
fold,10H - 9H
call,4H - JS
fold,3C - 9H
fold,3C - 5S
raise,4C - AC
fold,4C - AC
raise,10D - KD
fold,10D - KD
call,4C - 5H
fold,3H - 7S
fold,5S - 2C
fold,KC - 3S
fold,AD - 9C
fold,7C - 6D
raise,QS - AC
raise,AS - KC
call,AS - KC
raise,QD - 10H
call,QD - 10H
fold,5D - KD
fold,7C - QH
fold,QC - 9H
fold,8C - 10S
fold,8C - 10H
fold,4S - 10S
call,10C - 8S
fold,3S - 6S
raise,9H - KH
fold,9H - KH
fold,4C - KC
raise,JC - QS
fold,3H - 4D
fold,8C - 5H
fold,6D - 8C
fold,9C - 5S
call,KH - 2D
call,KH - QH
call,AC - 10S
fold,3C - 2C
fold,8S - KC
fold,3C - 8H
raise,KS - 10H
fold,KS - 10H
fold,KC - 2D
fold,3D - 6D
fold,KS - 8D
fold,2H - JH
fold,9C - 7H
fold,KH - 7D
fold,3S - AD
fold,5H - 9S
call,6H - 5C
fold,AS - 5D
fold,7S - QS
fold,6S - QD
call,9C - KH
fold,2H - 8S
fold,7D - 2D
call,4H - 6S
fold,3C - 7C
fold,10C - 2S
fold,9S - JH
fold,10H - JD
fold,KS - AD
fold,9D - 3S
fold,2C - 7C
fold,4H - QD
fold,QC - 2C
fold,4H - KD
fold,10D - 5C
fold,JD - 8D
call,10S - KC
call,10S - KC
fold,2S - 6H
call,10S - JD
fold,10S - JD
fold,QH - 9D
raise,9H - KH
fold,QD - 6S
raise,10D - QC
fold,KD - 9H
fold,6S - 9D
fold,4H - 5C
fold,AS - 5C
fold,8D - AH
fold,10S - 2S
fold,5D - 4S
fold,7D - 10H
fold,4H - 10D
raise,5H - 4H
fold,KD - 4H
fold,4D - 7C
raise,AS - AH
call,3S - 8S
fold,4C - 3C
fold,8C - JH
raise,QD - AC
raise,AC - JH
fold,3H - 7H
fold,8D - 9H
fold,QH - 6H
raise,10C - 10S
fold,9C - JD
fold,KH - JD
fold,JH - 6S
fold,3C - 6C
fold,AD - 10C
fold,5D - 2H
fold,3H - 5D
fold,8D - 3H
fold,10D - 7C
fold,9C - KH
fold,3C - 3D
fold,10S - 2H
fold,6S - 3H
call,3C - KH
fold,8D - 9S
raise,KD - 10C
fold,10C - 2D
fold,4D - 7D
fold,8D - 6C
fold,4S - QD
raise,JC - KH
call,QD - AH
fold,5D - 6C
raise,QS - AC
fold,7C - AD
fold,7H - 10D
fold,7D - 10H
fold,QD - 7D
raise,AD - 10S
fold,2C - AD
raise,AH - 5H
fold,9S - KS
fold,3S - 8D
fold,AD - 3C
fold,JC - 5C
fold,5S - 6C
fold,AC - 7S
call,5D - 2S
fold,QH - 6C
call,4C - 5S
raise,10C - KD
fold,4C - 8H
fold,9H - KC
fold,6C - 8D
fold,4D - 9H
fold,5C - 9S
fold,3C - 4C
fold,JD - 2S
fold,9H - 4H
raise,QC - AC
fold,AC - 6H
fold,AD - 10S
fold,7S - JS
fold,QC - 7H
call,5S - JS
raise,QC - QD
fold,6H - 3H
fold,4S - 8H
fold,AD - 9S
fold,3H - 3C
call,8C - JC
call,6S - 6D
fold,QD - 7D
fold,8H - 9H
fold,5H - JH
call,QH - 9H
fold,8H - 5H
fold,KH - 5C
fold,9S - AH
raise,KD - AD
fold,8H - AD
fold,10D - 8H
fold,4S - 9H
call,8D - 2S
fold,3S - 2H
fold,10C - JD
raise,QC - JC
fold,KD - 6H
fold,4C - 7C
fold,4H - JS
fold,4S - 2C
fold,JD - 2C
fold,9S - 4D
fold,4C - 7H
fold,2H - 9H
fold,JC - 4D
raise,AD - QH
fold,8H - KC
fold,8S - 9D
call,9C - JC
fold,3D - 2C
fold,6H - 6D
call,KH - QS
fold,8S - JS
fold,KH - 5D
fold,AS - 9H
fold,3D - 9H
fold,3H - 2S
fold,10S - 2S
fold,3H - 4C
fold,10D - 3C
fold,KS - 4S
call,3H - AH
fold,7D - 10C
fold,7D - QC
fold,5D - 8H
fold,8D - 6S
fold,2H - KH
fold,6H - 4C
raise,JD - JC
fold,6C - QH
fold,KD - 9C
fold,4S - KD
fold,2C - 5C
fold,10H - 6D
fold,JD - 7H
fold,6D - 2C
fold,QC - 6S
fold,6H - 4S
call,AC - 9H
fold,JC - 6H
fold,5H - 6S
fold,10D - KH
fold,6S - 2S
fold,5C - 9H
fold,JH - 2S
fold,3C - 7S
fold,QC - 6D
fold,7H - 10C
raise,JC - QD
raise,8S - 10S
call,AH - 5S
fold,9H - 4H
fold,4D - 9H
fold,JD - 8C
fold,5S - QC
fold,2S - 6H
fold,10D - 9C
fold,3C - 2H
fold,AH - 7C
fold,5C - 3C
fold,5D - AC
fold,7S - KC
call,7S - 2S
raise,7D - AD
fold,3C - 5D
fold,7D - QC
raise,AH - 10D
fold,AH - 10D
fold,5D - 10C
fold,7C - 3C
fold,6H - 3C
fold,JD - 8H
fold,10H - 6S
fold,2C - KS
fold,5C - 6S
fold,7S - 8C
fold,QH - 5H
fold,2S - AH
fold,QS - 7C
call,QH - JS
fold,QH - JS
fold,KC - 6C
raise,QS - QD
raise,QS - QD
call,8S - 9S
fold,7D - AH
fold,5C - 4S
fold,8H - QD
fold,AH - 5H
raise,KH - KC
fold,6D - 5C
raise,AC - QC
raise,AC - QC
fold,2H - 10S
fold,KC - 4S
fold,5D - 7S
fold,10S - 8D
fold,9S - 6H
fold,7H - KD
fold,KD - 8H
fold,JD - 9S
call,JH - 7H
raise,AS - JD
fold,3D - 3C
fold,3D - JH
fold,6D - 3D
fold,6H - 9C
fold,8D - 5D
call,JH - 10D
fold,8C - QC
fold,7C - 3D
fold,3C - 9H
call,10H - KH
fold,5S - 2S
fold,4C - 6H
fold,8H - 6C
fold,5C - 2H
fold,QH - 9D
fold,KH - 4H
call,10C - 10D
fold,JD - 4D
fold,10S - KD
call,KC - 3S
raise,JH - KC
fold,JH - KC
fold,KH - 4S
raise,10C - AS
call,10C - AS
raise,7D - 6D
fold,7D - 6D
fold,3D - JS
fold,5D - AH
fold,6D - 8D
raise,AS - 4S
call,2S - 9S
fold,4D - 6S
raise,4S - AS
raise,4S - AS
fold,4C - KH
fold,8H - KC
call,5C - 9S
fold,2D - 7C
fold,6H - 2D
fold,10D - 2H
fold,5D - 8C
fold,JS - KD
fold,4D - 10S
fold,7D - 2S
fold,10H - 6H
fold,4S - QH
fold,2C - 10S
call,AD - 10S
fold,9D - QH
fold,JS - 2H
fold,6S - 10H
raise,9D - 9S
fold,9D - 9S
fold,AC - 10D
fold,10H - 7C
fold,7H - JD
fold,4D - JD
fold,9C - QD
fold,6D - 7S
fold,8S - 9D
fold,9C - 10H
fold,7S - AH
fold,6D - 3C
fold,3H - 3S
fold,AD - 6S
raise,JC - KD
raise,6D - 6H
fold,6D - 6H
fold,3D - 6H
fold,5C - 7S
raise,JD - QS
fold,JD - QS
fold,KS - 4C
fold,KC - 7H
fold,6D - 7S
fold,4C - QD
fold,KC - 4D
fold,10S - 6H
fold,2C - KS
call,2H - 2S
fold,AD - AC
fold,4D - JC
fold,4D - 5H
call,JD - QH
fold,JC - 6H
fold,5S - 4H
fold,5H - 7H
fold,4C - AS
call,7D - 2D
fold,7D - 2D
fold,8S - 2C
fold,JC - 6S
fold,KC - 8S
fold,AC - 7D
fold,2H - QD
fold,AH - 2C
fold,9H - 10C
fold,3D - 4D
fold,7C - AD
fold,6C - 10C
fold,JS - 5S
call,5S - 3S
fold,2H - 8C
fold,QD - 4D
fold,9H - 8H
fold,6S - JS
fold,QC - 6C
fold,6D - 6C
fold,2D - 8S
fold,AH - JD
fold,JD - 5H
fold,QD - 2S
fold,2D - 7C
call,AH - JD
fold,QH - 5H
fold,3C - JD
fold,JH - 6D
fold,3H - 3D
fold,3S - 10H
fold,2D - 5C
fold,2C - 10H
fold,3S - 8C
fold,2D - 6S
raise,9C - JS
fold,9C - 3D
fold,QC - 2C
raise,JH - AD
raise,JH - AD
fold,6S - 5C
fold,4D - QC
fold,5C - 10S
fold,AD - 3H
fold,7H - JH
fold,4S - 10C
raise,4H - AH
fold,10D - 4D
fold,QH - 4S
fold,8S - 7C
raise,5S - 6S
fold,5S - 6S
fold,10H - 8D
fold,9D - 7H
fold,QS - 10H
fold,10S - 8H
fold,8S - 10C
fold,7D - QC
call,5H - 6H
call,5H - 6H
fold,3D - 5D
fold,JC - JS
raise,KD - KH
fold,KD - KH
fold,AH - 8C
fold,5C - AH
fold,JC - 4D
fold,5S - KS
fold,2S - 4S
fold,10D - AC
fold,8H - KD
fold,JS - QH
fold,7H - 5C
fold,8D - AH
call,8H - JC
fold,8H - JC
fold,9S - AS
raise,QC - QH
fold,QC - QH
fold,JD - 2D
fold,2S - 7S
fold,QD - 3C
fold,2S - QC
fold,JS - 5H
fold,3S - 9S
fold,2S - 2H
raise,JC - AH
fold,JC - AH
fold,3D - JS
fold,9C - QD
fold,2C - AH
fold,AC - 9D
call,JC - 9C
fold,JC - 9C
fold,4D - 5H
call,9S - 10H
fold,3D - QD
fold,3H - 5C
raise,QD - KH
fold,QD - KH
fold,QD - 10S
fold,10H - JC
call,9H - 9S
fold,9H - 9S
fold,5H - 9S
fold,7S - 7D
call,5S - QH
fold,5S - QH
fold,AD - 4H
fold,4S - 9D
fold,6S - 7D
fold,5D - AH
fold,AH - 7S
raise,9S - 7S
call,9C - QC
fold,4S - 2H
fold,5H - AS
call,JC - AD
fold,5D - 9D
call,AH - JC
fold,7D - KH
call,QS - AC
fold,9D - QH
call,7C - AC
fold,3S - 6C
fold,7H - JD
fold,8C - 7H
call,3S - 6C
fold,4H - AD
fold,7H - AH
call,9D - 7C
call,2D - 4D
call,10S - 3S
fold,3H - JH
fold,7C - 9C
fold,AD - 8H
fold,3C - QC
call,2C - AC
fold,9S - JH
raise,QS - JS
fold,3C - 7H
fold,3H - JS
fold,AH - 4D
fold,7S - 5C
call,KC - QD
raise,AH - 7H
fold,2D - 2C
fold,8S - 3H
raise,AC - 9C
fold,AC - 9C
fold,AC - 6H
fold,4S - 6C
fold,5H - QD
fold,QD - 3C
raise,KD - AH
call,9H - AD
raise,2C - AC
fold,5D - 8D
fold,4S - 8S
fold,3S - 10S
fold,AS - 6S
fold,6D - JH
raise,JC - AC
raise,JC - AC
fold,9H - JD
raise,10D - JC
fold,4D - 3D
raise,AD - JH
fold,6S - 4S
fold,3H - 10C
fold,3H - 6D
fold,6S - 8C
fold,3S - JH
call,AS - 4S
fold,AS - 4S
fold,5D - 9C
fold,AH - 9C
fold,9S - 6S
fold,7H - 8S
fold,4S - AH
fold,QH - 7C
raise,KC - AC
fold,JS - 7D
fold,4D - JH
raise,KC - KS
call,10C - KC
fold,10C - KC
fold,7D - 7S
fold,AC - 8D
fold,AD - 8C
fold,7D - 10D
raise,AD - AH
raise,AD - JC
call,AD - JC
fold,5S - 8C
raise,10H - JS
fold,QD - 2S
raise,8H - 10H
call,5C - 5D
fold,3D - 2H
raise,5S - 5D
fold,5S - 5D
fold,6D - QS
fold,10H - 8C
fold,4D - 4S
fold,AS - 6C
fold,9S - KH
fold,3S - 3D
fold,2H - 10C
fold,2S - 4D
fold,3H - 2D
call,QC - 3D
call,10S - 10C
fold,3S - 4D
call,9D - 10H
fold,9D - 10H
fold,KC - 7D
raise,JS - 8S
fold,JS - 8S
fold,6D - 2S
fold,3H - 2C
fold,9S - 3C
fold,3C - 10S
fold,7D - 8S
fold,3S - 3C
call,4D - KD
fold,2S - 4D
fold,5H - 8S
fold,JC - 7H
fold,2S - 5S
fold,KD - 3D
fold,QD - QH
fold,6C - 9S
fold,QH - 7H
fold,6S - 4C
call,10H - QC
raise,8S - 9S
fold,8S - 9S
fold,KD - 8D
call,2S - 10C
fold,2S - 3C
call,6C - 3D
fold,6D - 7S
fold,9H - 5D
fold,8S - JD
fold,QH - KS
call,9D - JD
fold,QC - 5D
raise,10C - AD
call,10C - AD
call,8S - QH
fold,KS - 10S
fold,10D - 2D
fold,4H - 7D
fold,4H - 4C
fold,8C - 10C
fold,AC - 3S
fold,2C - 2S
fold,4S - 9C
fold,3H - 8D
fold,5C - 7D
call,9H - 4C
fold,10H - KC
fold,2S - QC
fold,6H - 10D
fold,3D - 6S
fold,3C - 9D
fold,6C - 6S
fold,10H - 8S
fold,2C - 4C
fold,5S - 5H
fold,9D - 3D
fold,6C - 9C
fold,10H - 8D
fold,6C - 6H
fold,3S - 5H
fold,3S - 9C
fold,2D - 10D
fold,AD - 6H
fold,JH - 4D
fold,AC - 7S
fold,5C - 3C
fold,4D - 3H
fold,7C - 2H
fold,KH - 3C
fold,10D - 7S
call,7S - JD
fold,AS - 4S
raise,9C - 10D
fold,9C - 10D
raise,JD - JC
raise,JD - JC
call,QC - KS
call,10C - 9H
fold,10C - 9H
fold,7C - 4D
fold,9S - JC
fold,7C - 10S
fold,6C - 3D
fold,KS - 7H
fold,3S - 6C
fold,AH - 7H
fold,6C - 4H
fold,10C - 5S
call,AS - 5S
fold,AS - 5S
fold,KC - 9H
fold,JD - 9C
raise,JC - JS
raise,JC - JS
fold,4C - 10C
fold,10S - 2D
fold,AD - 9S
call,7D - 8S
fold,2C - JD
raise,5S - 6S
call,5S - 6S
fold,JH - 2C
fold,2D - QS
fold,QS - 6S
fold,3H - KS
call,2D - 4C
fold,JH - 9D
fold,6C - 4D
fold,9D - 5C
fold,6C - 5S
fold,2D - 2C
call,QH - AS
fold,AD - 4C
fold,2C - 9S
fold,JC - AD
fold,10S - 6S
fold,3S - 3C
fold,KD - 6H
fold,2C - 2H
fold,JH - KC
fold,6D - 5S
fold,9D - QD
raise,7H - 7S
fold,7H - 7S
fold,2D - QD
fold,2D - JS
fold,5S - 5H
fold,JD - 5D
fold,7S - 10D
fold,7S - QH
fold,AS - 6D
fold,4H - 10H
fold,KD - 10S
fold,3D - 3S
fold,8H - 7S
raise,QH - KD
raise,10H - AD
fold,QH - 3H
fold,AH - 5D
fold,6D - 2D
fold,7C - KH
raise,2D - AD
fold,KH - QD
fold,7H - 9S
fold,8C - 10S
fold,8C - JS
call,QC - 8H
fold,2C - 3S
raise,10H - JC
raise,AS - 8S
fold,AS - 8S
raise,5S - 5H
fold,7D - 5D
fold,10H - 6D
call,AD - KS
fold,10S - AH
call,JD - 4D
fold,JD - 4D
fold,7C - KD
fold,AC - 6D
fold,2S - 4D
fold,4C - 5H
fold,8C - QH
fold,9S - 6D
fold,8C - 7H
fold,2C - QH
call,2C - 2H
fold,QH - JC
fold,3C - AD
fold,6H - QC
fold,10D - JS
fold,AD - 4C
fold,2S - 3S
fold,AH - 3D
call,4S - AC
fold,8D - KS
fold,4C - 3H
fold,6C - JC
call,3D - 8H
fold,3H - 8D
fold,10D - 2S
raise,9C - 9D
fold,4S - 4D
fold,AS - 3S
fold,10H - 3C
fold,3D - 7S
fold,3D - 6H
call,JS - AH
fold,5C - AH
fold,10D - 6C
call,10S - JC
fold,3S - AH
fold,QC - 5C
fold,5S - QD
call,QC - JC
fold,9H - 5C
fold,4S - 4C
fold,7D - 10H
call,AD - JS
fold,QH - 2H
fold,5S - 7H
fold,3C - KH
fold,AC - 7H
fold,JD - 8C
fold,AH - 9C
fold,3D - 4C
fold,JD - 4C
fold,7D - 4H
call,4H - QS
fold,3C - QS
fold,9H - QH
call,10D - JC
fold,10D - JC
fold,JH - JS
fold,7H - 9D
fold,4C - 9H
fold,3H - 7S
fold,2D - QD
raise,KH - AS
fold,KH - 10C
fold,9D - 8H
call,9H - JH
fold,KS - 3D
fold,2S - QC
call,8D - JD
fold,8D - JD
fold,6H - AH
fold,3H - 2H
fold,2D - 5S
fold,8H - 2D
fold,AS - 3C
fold,3H - 4C
fold,10H - 3D
raise,JD - QH
fold,JC - 4H
call,9S - JS
fold,7H - 3S
fold,3S - JC
fold,2S - 3C
fold,2S - 7H
fold,10D - 6D
fold,KD - 5S
fold,8D - QS
fold,9D - QC
raise,5S - 7S
fold,3C - 6D
fold,5H - QC
fold,JH - 6H
fold,JH - 3C
fold,7H - 10D
fold,AC - 5S
fold,2H - 6D
call,KD - QS
raise,JD - 9C
fold,3D - 10D
call,5S - 8S
fold,QD - 7H
fold,KS - 5C
fold,9S - 6S
fold,10H - QC
raise,KS - AD
fold,9S - 10C
call,JC - AH
call,QC - KC
fold,5C - 9D
fold,7H - KD
fold,2D - JH
fold,3C - KC
fold,8D - AC
fold,KD - 10C
fold,2C - QD
fold,10C - 3C
fold,JH - 3S
call,AD - 6C
fold,6H - 9S
fold,3H - KS
fold,8S - 2C
fold,6D - JH
fold,10D - 3D
fold,10S - AH
fold,10C - 9D
fold,7C - 2H
fold,9H - 2D
fold,6C - QD
fold,2S - 8H
raise,QS - AS
fold,JS - 6H
fold,8S - QC
fold,3H - 6C
fold,AH - 6S
fold,5D - 2C
fold,4D - 3H
call,9D - 9C
call,3D - KS
fold,JS - 5S
fold,AS - 6C
fold,7C - 5H
fold,3D - 6S
fold,QS - 9D
fold,KD - 10C
fold,10C - 7S
fold,8D - 9H
raise,10H - JS
fold,10H - JS
fold,QS - 10S
call,JD - 10H
raise,5D - 5S
call,9D - 10D
fold,QD - 2C
fold,9S - JD
fold,5S - 7H
fold,JD - 6H
call,7H - 6H
raise,KC - 10C
fold,JD - 9S
fold,4S - 10C
raise,KD - QS
fold,KD - QS
fold,3C - 9S
fold,KC - 3H
fold,AS - 3C
fold,10D - 9C
call,KC - JH
fold,KC - JH
fold,JS - AC
fold,4S - AD
fold,QC - 8S
raise,9D - JD
fold,9D - JD
call,10D - 2C
fold,2H - 10C
fold,3D - 10C
fold,AH - 2C
fold,6H - JS
fold,9H - 4C
fold,7H - QH
call,JS - 10S
fold,JS - 10S
fold,2H - 9C
call,JC - 3C
raise,AH - KH
raise,AS - JD
call,5C - 5H
fold,4H - 3H
fold,QD - 9S
fold,5S - JH
fold,10S - JH
fold,AH - 8D
fold,JS - 9H
fold,2S - KC
call,JS - 7H
raise,QC - 10D
fold,QC - 10D
call,AH - 2H
fold,AH - 2H
fold,7D - 10H
fold,KC - 3H
call,AS - 5C
fold,2H - 4S
fold,8S - 9D
fold,9H - QC
fold,9C - KD
fold,9C - 5D
fold,7C - QC
call,8H - 8C
raise,8H - 8C
fold,10C - 3S
fold,2C - KD
fold,10S - 3C
call,7D - 7H
fold,5C - 6S
raise,KC - AD
fold,7S - 8C
fold,7S - KD
fold,5C - 4S
fold,2S - 8H
fold,9C - 4S
fold,QH - 3C
fold,8C - 3C
fold,6C - 2H
fold,5D - 8D
fold,2S - KH
call,9D - JD
fold,3C - 5D
call,7S - 7D
fold,6S - 10C
raise,9S - JS
fold,7C - AS
raise,AD - 10H
fold,4H - 5C
fold,10H - 4D
call,2H - 7H
fold,4D - KH
fold,3C - 2H
fold,10H - 9D
fold,4D - KC
fold,8S - 9D
fold,9C - JS
raise,JD - QD
fold,7H - 6S
fold,3H - 10S
call,KC - AD
raise,QH - JH
fold,4C - 3H
fold,7S - QD
fold,9H - 7C
fold,9H - 7C
call,JD - JS
fold,QD - 7C
raise,AS - AD
fold,9D - 4D
fold,2S - 4H
fold,8S - 3H
raise,10D - JC
fold,3S - AD
fold,5D - QD
fold,QD - 10H
fold,4C - 10H
fold,3D - 7D
fold,3H - 7D
fold,7S - 2C
call,AH - JS
raise,KC - AH
fold,AD - 7C
fold,2D - QH
fold,4S - 9C
call,7S - 7C
fold,8C - 9H
raise,KD - JH
fold,7D - JH
fold,JS - 6C
fold,5S - 7D
fold,3S - 4D
call,7C - 7S
fold,9S - 7D
fold,5S - KS
fold,5C - AH
fold,JS - 4H
raise,10C - 10H
fold,9C - 4D
fold,7C - JS
raise,7D - 7S
raise,10H - AH
fold,8D - 10S
fold,4H - 8H
fold,5S - QS
call,8S - AS
raise,KC - KS
fold,AH - 6C
fold,7D - 4C
fold,8H - QC
fold,AH - 6D
fold,2S - 9D
fold,9S - JD
call,7H - 6H
call,AS - 4C
call,QH - JS
fold,10H - 4H
fold,5C - 9C
fold,3C - AD
call,6H - QH
fold,6H - QH
call,10H - 9H
fold,10H - 9H
fold,3H - AS
fold,3C - 6H
raise,KH - AD
call,2H - 6D
call,3H - 10S
fold,8C - 6D
fold,8S - JC
fold,5S - JD
fold,JH - AC
fold,10C - 2D
fold,8D - 5D
call,3S - 6S
raise,QC - AC
fold,4C - 4H
fold,4C - KS
call,QS - KS
fold,10C - 6S
fold,QH - 9C
call,JC - 9C
fold,4D - 8S
fold,6C - 9S
fold,4S - QC
fold,3C - 10D
call,8D - 10H
fold,9S - 5H
fold,AD - 2C
fold,9C - 8D
call,8S - QC
fold,2H - KD
fold,KH - 5D
fold,AD - 7S
fold,5H - 5D
fold,10C - 3C
fold,8S - 5H
call,6S - 2C
fold,QC - 6C
fold,10H - 4S
fold,5S - 6D
fold,9C - 9H
raise,5C - AC
fold,5C - AC
fold,JS - 4S
fold,AS - KC
raise,10D - JS
fold,10D - JS
fold,QH - 9D
fold,KD - 6C
fold,KS - 9C
fold,10C - AH
call,4S - 10S
raise,10C - 9C
fold,7C - KS
fold,8C - 9D
fold,7C - 9D
fold,3D - KH
fold,8D - 7S
fold,2S - 8D
fold,8C - 2S
fold,5C - 5H
raise,JS - AH
fold,6C - 3S
fold,9H - AD
fold,3S - 5S
fold,4H - QS
fold,6S - 8S
fold,10S - JH
fold,KC - 6D
fold,JD - 5D
call,6H - 5D
fold,6H - 5D
fold,5C - KC
fold,6H - 3H
fold,8C - 7H
call,7S - KH
call,KH - JH
fold,JC - JH
fold,7S - JS
fold,7C - 10C
fold,2D - 4C
fold,8C - 10C
fold,8H - QS
fold,5D - 9H
call,KS - 10S
fold,3C - 8C
fold,7S - QH
fold,3S - 9D
call,JD - 10S
fold,9D - 10S
fold,5D - 3D
fold,2D - 6D
fold,10H - KS
fold,3H - 2S
fold,6S - AD
fold,6S - JS
fold,9C - AS
raise,AC - AH
raise,AC - AH
fold,JD - 7S
fold,6S - AC
fold,4C - 6D
call,4C - 6H
fold,4C - 6H
call,AD - 2D
call,KH - JH
fold,7D - QD
raise,KS - JH
fold,JC - 7S
fold,6H - JD
call,2D - 2H
fold,KD - 8S
fold,6C - 5H
fold,10S - 7S
call,KH - 2S
fold,4H - JS
fold,2S - QS
fold,10S - 9D
fold,2H - 6H
call,2H - KC
fold,5H - KH
fold,5S - AD
fold,KD - 2C
fold,4S - 9C
fold,KD - 4D
fold,8H - QD
fold,9D - 6D
fold,KH - 6H
fold,7C - 4S
raise,JD - 10C
fold,JD - 10C
fold,QD - 2C
fold,JH - 5D
fold,9S - 4C
fold,5C - QD
fold,6S - 6H
fold,4H - KH
call,JC - 9D
fold,5C - 9C
call,8D - JC
fold,8D - JC
raise,QD - KS
fold,4S - 10S
raise,AH - QH
call,9C - 8C
fold,9C - 4S
fold,4S - 5C
fold,7H - 2S
fold,KS - 3H
fold,7D - 7C
fold,JS - 6H
call,KS - 3D
fold,KS - 3D
fold,10H - 2C
fold,8S - 7D
fold,8S - 4D
call,KH - 10H
fold,4H - 3C
fold,KD - 9H
fold,8H - 6D
fold,3D - 3C
fold,7H - 6S
fold,JD - 9C
raise,KS - KH
fold,4S - 7S
fold,QH - 8D
raise,2C - AC
call,6S - 3H
raise,KD - JS
fold,7D - 2S
raise,5H - 6H
fold,5C - QH
fold,KH - 8S
call,4D - 8H
fold,6D - 5H
fold,6D - 7H
fold,5S - 8D
raise,QH - QD
raise,QH - QD
fold,5S - 6H
fold,KS - 7H
fold,KC - 5C
fold,10S - JD
raise,QC - 9C
fold,QC - 9C
fold,KS - 9D
call,7D - QS
call,JD - AD
call,JH - JD
fold,9C - KH
fold,10D - QC
fold,9H - 10C
fold,2C - JS
fold,JC - 6S
fold,JD - 5S
fold,4S - AD
call,4C - 8H
fold,3C - 8C
raise,KH - QD
raise,KH - QD
raise,QC - QS
fold,6C - 4H
fold,5D - 9C
fold,2D - KS
raise,JS - 10D
fold,JS - 10D
fold,2D - 2S
fold,3S - KS
fold,6S - 2H
fold,3C - 5C
fold,10C - 3S
fold,KS - 6S
fold,QD - 2D
fold,3H - 9C
call,KD - 6D
fold,5D - 7S
fold,AH - 7C
fold,7S - 2C
fold,10S - 5D
fold,10D - AC
fold,9D - 5S
fold,7H - 9S
fold,9H - 6C
fold,JH - KC
raise,AC - 10C
fold,2S - 5C
fold,KC - 2S
fold,3D - KD
fold,4C - 7D
fold,6S - 2H
fold,9D - 4D
fold,7D - 10S
fold,7C - JC
fold,3H - QS
fold,QC - 8H
raise,8H - 9H
fold,KH - 7D
fold,7H - 10S
fold,JC - 10S
raise,JD - QD
fold,JD - QD
fold,QD - 9D
fold,4S - 3H
fold,6S - 2H
raise,10C - 10D
call,8S - 10D
fold,KS - 2C
raise,10S - JD
call,JH - KS
fold,4C - 8H
fold,3H - QH
fold,4C - AD
fold,2C - 10D
fold,6H - 3H
fold,4S - 2D
fold,AC - 3C
call,10H - JS
fold,8S - 3S
fold,2C - JD
fold,8C - 3H
call,6D - 7D
fold,4D - JH
call,JD - QH
call,JD - QH
fold,JS - 6H
fold,KH - 5H
fold,6C - 4S
fold,5D - 9H
fold,2H - 9S
fold,6C - QS
raise,AC - JC
raise,AC - JC
fold,7S - JC
fold,2H - 9C
fold,JC - QD
fold,5C - 6S
fold,7S - JH
raise,KS - QD
raise,KS - QD
call,7S - 4C
fold,KD - 7C
fold,5H - 10H
call,KD - QH
raise,KD - QH
call,10D - QD
fold,6D - 5S
raise,AD - 10H
fold,JS - QH
fold,7S - 2H
fold,3S - 9D
fold,QD - 7D
fold,5S - KC
fold,6S - 8S
fold,3H - 7H
fold,5H - 5C
call,8D - QD
fold,6H - 3C
fold,9H - QS
call,AC - JS
call,AH - 4H
call,8D - 8C
fold,6D - 4D
fold,7D - JS
fold,7C - QD
fold,5D - KC
call,10D - 10H
fold,2D - QS
fold,9C - QH
raise,QS - KC
fold,10C - 4D
fold,2C - 2S
fold,10C - 5H
call,3D - 7H
fold,6H - 9H
fold,5H - QH
fold,3C - KH
fold,6H - 4S
fold,10C - QC
fold,KH - 9H
fold,8H - 10D
fold,KC - 7H
fold,AS - 10D
fold,2S - QH
fold,QC - 8H
raise,9H - QH
call,9H - QH
fold,3D - KH
fold,7H - 2H
call,JS - AD
fold,JS - AD
fold,3H - 7S
call,6C - QH
fold,QD - 10S
fold,6C - 6H
fold,10H - 2S
fold,4S - AD
fold,8H - 10D
fold,4S - 6C
fold,5H - KH
fold,2C - 6H
fold,4D - 10C
fold,KS - 4S
call,AC - 4H
fold,8S - 6C
fold,10H - JD
raise,JH - AH
fold,5C - QD
fold,3H - 2H
raise,AD - 7D
fold,KC - 7H
fold,JD - QH
fold,8S - KH
fold,QD - 8H
call,KS - QH
fold,5D - 5C
fold,8D - QH
fold,4H - QD
fold,4S - 9S
call,9C - JD
fold,QD - 2H
fold,9H - 4C
fold,2D - KC
fold,10C - KC
fold,7D - QC
fold,10S - 5D
raise,8C - 8D
fold,5C - 3C
fold,3H - 5S
fold,AD - 4C
fold,8D - JH
fold,7S - 4S
fold,9S - 6C
call,4H - 7S
fold,AH - 4S
call,8H - 5S
call,6C - 2H
fold,6C - 2H
fold,JS - 9H
fold,9C - AS
fold,7S - 4S
call,9C - QC
fold,9C - QC
fold,AH - 10H
call,QC - 4C
fold,QC - 4C
fold,AD - 5H
fold,7D - 4C
fold,6S - 10C
fold,AC - 10H
call,5C - JS
fold,9H - JD
fold,7C - 9H
fold,4H - KD
fold,4C - 3H
fold,JS - 2D
fold,2H - JC
fold,9H - KD
call,6S - AS
call,7D - 3S
fold,10C - JS
fold,3D - 4S
raise,AS - AH
raise,AS - AH
fold,2H - 4S
fold,10H - 8D
fold,3C - 10D
fold,4H - 5S
call,AH - 2H
fold,8S - 9H
fold,2C - KS
raise,6D - KD
fold,6D - KD
fold,3S - 6C
fold,QC - 4D
fold,7D - QC
fold,10D - QH
fold,3C - 7S
fold,JD - 7S
fold,8S - 10S
call,6C - 5H
fold,6C - 5H
fold,7C - 3D
fold,7S - 4S
raise,8D - 8C
fold,4C - KS
fold,KH - 5C
fold,4S - 2H
fold,7H - 3D
fold,8C - 2D
fold,7H - KH
call,8D - KS
fold,2D - 6D
fold,AD - 9H
fold,QD - 7S
fold,2C - 6D
fold,4C - QS
fold,4H - KS
fold,2C - KC
fold,5H - 7C
fold,KC - 3S
fold,5D - KC
raise,10C - KC
fold,3C - 10C
raise,QH - JH
raise,AS - KH
fold,9S - 10D
fold,QD - 8H
fold,3H - 3S
call,QS - AD
call,JC - 9C
call,8H - 8D
fold,8C - 9S
fold,7S - 6D
fold,6D - QS
fold,AC - 2S
fold,10H - 5S
fold,2C - AS
fold,7C - 4S
fold,2S - 8S
call,KS - 10S
fold,3H - KS
fold,2H - 6D
fold,2H - 10D
fold,7H - QS
fold,2H - 5S
fold,9S - 10H
call,6S - 7S
fold,4H - 7S
fold,2H - 3H
fold,5H - 9D
fold,10H - 7C
fold,4S - AD
fold,4C - 10S
fold,10H - 8H
call,2C - QC
fold,7H - 5C
call,AS - 7S
raise,KC - 10C
fold,4S - JH
fold,7H - 6D
raise,JD - QD
fold,7D - 3C
fold,3H - 9D
fold,7H - AC
call,9D - 8H
fold,5H - 9C
call,6H - JC
raise,10D - 10H
fold,9C - KD
fold,4C - QS
fold,8S - 7D
fold,KH - 5H
fold,3H - 4D
raise,KD - AC
fold,8C - 6C
fold,KC - 4S
fold,7C - 10S
fold,QC - 5C
fold,JS - 4C
fold,7S - 10S
fold,2S - 4S
fold,6S - 2D
raise,10S - JS
fold,8D - 2C
call,3C - JH
fold,5H - JH
fold,8C - 5D
fold,2H - 7D
fold,3S - 8H
fold,5C - QC
call,7C - JC
fold,7C - JC
fold,9D - JC
fold,5H - 7S
fold,5S - JS
call,7H - 7C
raise,QD - QC
call,QD - QC
fold,10H - AS
raise,5D - AD
call,5D - AD
fold,2D - 5S
fold,5S - AD
fold,QH - 6C
fold,AS - 8C
call,8S - 8H
fold,7D - 6C
fold,JD - 8S
fold,2H - 10H
call,KH - 9C
fold,4S - 8C
fold,6D - 2H
fold,6H - 10H
fold,7S - JS
raise,KC - KH
fold,AD - 6S
fold,KD - 3C
fold,AH - 5S
fold,6H - 9H
fold,4D - 7C
call,AC - JH
fold,10D - QH
fold,4H - 2C
call,KS - JC
fold,KS - 6S
fold,8D - 4H
call,KC - 3C
fold,4C - 10D
fold,7H - 2S
fold,5D - 5H
fold,4C - QC
fold,6H - 2H
fold,8H - AC
fold,AS - 3S
call,JH - QC
fold,8C - 3C
fold,10C - 8H
fold,AC - 3H
call,6S - KS
fold,3H - 7S
fold,10C - 2S
call,2C - JH
fold,JS - 10H
fold,9D - 3S
fold,7C - 5D
fold,KH - JC
call,3S - 6S
fold,9D - 5D
raise,JH - JC
fold,QC - 3C
call,8H - AC
fold,7H - AS
fold,5H - 3D
raise,JH - 8H
fold,JH - 8H
fold,3D - JD
fold,7S - 5D
fold,KC - QS
fold,QC - 4C
fold,7S - 3H
fold,QD - 2D
call,AC - 4C
fold,AC - 4C
fold,3C - 4H
fold,10C - KH
fold,3C - 4H
fold,3C - 5S
fold,4D - 9C
fold,7S - QC
call,9D - 7S
fold,2S - 3C
fold,2H - KC
call,KC - QH
fold,9H - 4C
fold,6C - KH
fold,3S - 9S
fold,9S - 10H
fold,4C - JD
call,9C - 3C
raise,KD - QC
call,KD - QC
fold,3C - KS
raise,JH - JS
fold,JH - 2H
call,AS - 9S
fold,8D - 6D
fold,4C - 5C
raise,AH - 10H
call,AD - JH
fold,AD - 8H
fold,JH - 6S
fold,8H - 3H
fold,5D - 4H
fold,6H - 10C
fold,4S - 5S
fold,KC - 4C
fold,10H - 7C
raise,AS - JC
fold,5S - QH
fold,AC - 9S
raise,AH - QC
fold,7D - 9S
fold,JS - 7S
raise,9C - 9S
fold,JD - KH
call,QD - 6C
fold,3S - 7H
fold,QD - 9S
fold,2D - 2S
fold,5D - 4S
fold,10S - 6D
fold,KD - 2H
raise,9D - 7D
fold,9D - 7D
call,9H - AH
raise,AC - 3C
fold,7D - 4D
fold,3H - AS
fold,9S - 8C
fold,9H - 5H
fold,10S - 3D
fold,4H - AD
fold,4D - 2D
raise,10D - QC
fold,10D - QC
fold,5H - 2S
raise,6S - 5S
fold,9C - 8C
fold,2C - 8D
fold,7S - 2S
fold,5D - KC
fold,2H - 7C
fold,QS - 2D
raise,AC - KD
raise,AC - KD
call,QS - KC
fold,6S - 3H
fold,6S - 6H
fold,JS - 3H
fold,10S - KH
fold,5H - JS
fold,6S - QH
fold,3S - 4S
fold,QH - 8C
fold,2D - AH
fold,KC - 8H
fold,7S - 7H
raise,JC - JD
fold,2D - 6H
fold,10H - 9S
fold,8C - 6D
call,AS - 3H
fold,4H - AD
fold,JC - 5H
call,KS - JC
fold,JH - QC
fold,8S - 4C
fold,10C - 3C
fold,7S - 4C
fold,5C - 6C
fold,5C - 9C
fold,QS - 2D
fold,7C - 2S
fold,10S - 3D
fold,4S - AH
fold,7D - 7H
fold,2S - JH
fold,4D - 10C
call,AS - 3S
raise,KH - AC
fold,5D - JD
fold,6C - KC
fold,AS - 8D
fold,6D - 10S
fold,2H - 9H
fold,QH - QS
call,9D - 7H
fold,9D - 7H
fold,7D - 10D
call,4H - QS
fold,6D - 3C
fold,2S - 6C
call,2D - 5D
fold,5D - QC
fold,QH - 4H
call,AD - 3C
fold,3D - 4H
fold,KH - 2C
raise,10D - 9D
fold,10D - 9D
fold,9H - 5D
fold,7C - JD
raise,5S - 4S
fold,AS - 8S
fold,7S - 6C
fold,5C - 10D
fold,QS - 9D
fold,8D - QC
fold,KH - KD
fold,6S - 2C
fold,6C - QD
raise,9S - QS
fold,9S - QS
fold,QC - 4S
raise,QC - KC
call,JS - KD
fold,2C - 5D
call,AC - 3C
fold,5C - 3C
fold,2C - 7H
fold,6D - 9S
fold,KH - 8S
fold,7S - 3H
fold,4D - 4S
call,QC - 6H
fold,6S - AH
call,8D - 9D
fold,8D - 9D
raise,AC - KH
raise,AC - KH
fold,10S - 3C
fold,5S - 10D
call,10H - 10C
raise,10H - 10C
fold,3C - 2H
call,3S - QD
fold,QH - 2H
fold,8S - KS
fold,9S - QC
fold,9H - 3D
fold,7C - 4S
fold,QS - 2D
fold,JD - 6H
fold,2H - JD
fold,KH - 5S
raise,QS - 10D
fold,QS - 10D
fold,4S - 2S
fold,AC - 8D
fold,7D - 6C
fold,8H - 2C
call,AC - 9C
fold,AC - 9C
fold,8H - QC
fold,5C - KH
fold,4H - 5D
fold,AD - 6C
fold,6S - QD
raise,4H - 4C
fold,6D - 10C
call,7C - 6C
raise,JS - 10D
fold,4S - JS
call,AD - KS
fold,JD - 2H
fold,AS - 8D
fold,6D - 3C
fold,QC - 6S
fold,6H - AC
fold,3C - 5C
fold,8S - 3C
fold,3H - 7D
fold,JC - 6H
fold,KS - 9H
raise,10S - JS
fold,5D - QH
raise,5S - 7S
fold,10D - 2C
fold,10H - 5C
fold,8H - 6C
raise,JC - AH
fold,JC - AH
fold,AH - 6D
fold,6S - 3D
fold,4C - 5S
fold,6D - KH
raise,9C - 9S
fold,10D - AC
fold,QD - 6C
fold,8D - 5S
fold,QC - 4S
fold,5D - 10H
call,2H - 10C
fold,9C - 2D
fold,JD - 2H
fold,9D - 10H
fold,3C - 10D
call,6D - JC
fold,10S - 3D
fold,2C - 8C
raise,8C - JC
fold,8C - JC
raise,AD - QC
fold,AD - QC
fold,4C - 2C
call,10D - AS
fold,JC - 4H
fold,9D - 3H
fold,6C - 4H
fold,4D - QD
raise,10H - QS
fold,10H - QS
fold,4S - 7H
fold,KH - JD
fold,6S - 10S
fold,7D - 10H
call,7H - 2C
fold,10S - 7D
fold,5D - 9C
fold,4S - JD
fold,9D - QS
fold,2D - KD
raise,QC - 10H
fold,8D - 2H
raise,QC - AC
fold,4D - QC
fold,10H - 4H
fold,9C - 4C
call,4C - 3S
fold,7S - 6D
fold,6H - 5S
fold,2S - AH
fold,9S - AD
fold,6S - JD
call,6H - AH
fold,AD - 8C
raise,10S - AS
fold,JH - 8H
fold,6D - 9H
call,3D - 4C
fold,3D - 4C
fold,3H - KC
fold,AC - 6H
fold,7S - KS
fold,5C - 6D
fold,2C - 3D
fold,7D - JD
fold,KD - 4D
fold,JD - 7C
fold,2C - AH
fold,4S - 2H
fold,7H - JC
call,9D - 9S
fold,8S - 7C
fold,QS - 7H
fold,5D - 8S
call,10D - 8D
fold,10D - 8D
fold,JH - 3D
fold,2H - 10S
fold,7S - 2C
fold,7C - 3C
fold,4H - 2D
raise,AS - KH
fold,AS - KH
fold,4H - JD
fold,6C - 2H
fold,3D - 9S
call,8D - AD
fold,8D - AD
fold,QS - 2S
call,2S - 5D
fold,4C - 5S
fold,QC - 3H
fold,6D - JC
fold,JS - 3S
fold,9C - 9D
fold,3C - JC
fold,QS - 9C
call,QD - JD
fold,10S - 3H
fold,9D - 6C
fold,4H - 6D
call,JS - QH
call,5H - JH
fold,2H - 7H
fold,5H - 4C
fold,9S - 4D
fold,6H - 7D
fold,2S - 7H
fold,4D - 9C
fold,JD - 4H
fold,KS - 9S
fold,AH - 5D
call,7H - 8H
fold,QD - 2H
fold,3S - 8S
fold,KD - 9H
fold,QS - 7S
fold,QD - 8D
raise,AC - AD
raise,AC - AD
fold,6H - 8S
fold,AC - 7D
fold,8C - QS
call,7C - JH
fold,10C - 6D
fold,5C - 10C
fold,2H - JS
fold,5D - 2H
fold,5C - 2D
fold,4S - 6C
fold,4H - 5D
fold,6H - QS
call,QC - KC
fold,8S - 5C
fold,5C - 8C
fold,8C - 2D
fold,8H - KH
fold,8C - 10S
call,9C - QC
fold,3S - JS
fold,2S - 3D
fold,7D - 4S
fold,QS - 9D
fold,10H - JS
fold,2S - JD
call,AC - QH
fold,6H - 4S
fold,8S - 4S
fold,5C - AD
fold,6C - 5D
call,6S - 6D
raise,JC - JS
fold,7H - 3S
fold,JS - 3H
call,JS - 9C
fold,6C - AH
raise,QC - KH
raise,QC - KH
raise,6H - 5H
fold,6H - 5H
fold,5C - 7D
fold,QC - KS
fold,4D - QC
fold,KH - 4H
fold,3H - JH
fold,6D - KH
call,4H - AH
fold,4H - AH
fold,8H - 4H
raise,8H - 8D
raise,8H - 8D
fold,9C - 5S
fold,JS - 7H
fold,2D - 10D
call,KC - KS
raise,8H - 10H
fold,3S - 5C
fold,9S - 6S
fold,JD - 2C
fold,4H - QH
fold,4S - 2S
raise,8C - 8S
raise,8C - 8S
fold,7D - 7H
fold,2S - 10H
call,KH - 8H
fold,5C - KS
fold,KS - 5D
fold,QC - 6D
fold,JS - KD
raise,KC - 9C
fold,KC - 9C
fold,9C - 8H
call,4C - 2C
call,10S - KS
fold,8C - 9D
fold,QC - 2S
fold,KH - 9S
fold,QS - 9C
fold,3S - 3D
fold,6D - 2D
fold,2S - KC
fold,JD - 9S
raise,KC - KS
raise,5H - 5S
raise,KH - AD
fold,5D - 10D
fold,KH - 4D
raise,QH - KH
fold,7D - JD
fold,5H - JC
fold,5D - 3C
fold,3C - QS
fold,8H - 4S
fold,10C - QS
raise,10D - KH
fold,7D - 8C
fold,QC - 2D
raise,AC - 10S
call,AS - JH
fold,5H - 7S
fold,8C - 10D
fold,10H - 9C
fold,6S - 3C
raise,AS - JH
fold,2C - 10S
fold,JS - 7H
fold,6S - KC
fold,JS - 6S
fold,6D - 10S
call,2H - 10S
fold,8S - QH
fold,QC - 6D
raise,6H - AH
fold,AD - 4S
fold,5H - JS
fold,5D - 3S
fold,9H - 6H
call,AC - QS
fold,2H - JD
fold,AC - 9H
fold,3D - 7D
fold,7D - 5H
fold,4S - 5H
call,7C - QH
fold,4D - 7D
fold,5D - AS
fold,7S - 6H
raise,JC - KS
fold,JC - KS
fold,3D - 8C
fold,9H - KC
fold,2C - 10S
fold,3D - 10S
fold,10H - 5D
fold,9D - 5D
raise,AC - KD
fold,JD - 6C
fold,6H - AH
call,JH - AD
fold,10C - 5C
fold,4S - 7S
call,JS - 8C
fold,KD - 5S
fold,8C - 6D
fold,QC - 3C
fold,JD - 3S
call,QC - QS
fold,JS - 3S
fold,10H - 7H
fold,9S - KC
fold,KH - 7D
fold,QD - 2C
fold,7D - 9H
raise,7C - 8C
fold,7C - 8C
fold,10S - 9D
call,AC - 10S
raise,KH - AS
fold,2H - 4S
fold,8D - QH
call,3D - AH
fold,JS - 10D
call,2S - 4H
fold,2S - 4H
fold,6S - 7D
fold,4D - 8S
fold,9H - 10C
call,QD - 8S
fold,2H - 9D
fold,10H - 2H
fold,4D - KD
fold,8C - QC
fold,6S - JC
fold,QD - 9D
fold,6H - JC
call,AH - 7H
fold,2D - 7C
raise,JD - JC
fold,6S - 3S
raise,KD - QD
fold,KD - 10S
fold,6C - 5H
call,9C - 7D
fold,9C - 7D
fold,6C - 3C
fold,8D - 4S
fold,4C - 8S
fold,7S - KD
fold,2S - KC
fold,9H - KD
call,3S - 7H
fold,3S - 7H
raise,QS - 10S
fold,QS - 10S
fold,2H - JH
fold,AC - 4H
fold,6C - 4S
call,7C - 9C
fold,6D - 4D
fold,3D - 7S
fold,7S - AC
fold,3S - AC
fold,2S - 9H
fold,6H - 7D
raise,KD - KS
raise,KD - KS
fold,KH - 8C
call,QC - KH
fold,6C - 10C
fold,2C - 5D
fold,6S - 5H
fold,6H - 5C
fold,6S - 4S
call,3S - 2C
fold,5D - 8H
fold,6S - 8S
fold,6C - 5H
fold,KH - 2H
fold,4H - KH
raise,JD - AH
fold,3C - JH
raise,KS - JS
fold,6S - 3C
fold,AD - 2D
fold,9D - 7C
fold,3C - QH
fold,3C - 6H
fold,KC - 8H
fold,6D - 9H
fold,6C - 10H
fold,8C - AH
fold,AD - 9S
raise,QH - AH
call,QH - AH
fold,6S - KS
raise,KS - KC
fold,6D - 8C
fold,5S - 7D
fold,2S - 8C
fold,9H - JH
fold,7C - 8S
fold,10S - KH
fold,10D - JC
fold,6H - 4C
fold,7C - 8S
fold,8H - 4H
fold,2S - QD
fold,10H - JS
fold,2C - 5D
fold,AS - 3C
fold,AD - 3S
fold,6H - 3S
fold,JH - 4C
fold,KC - 5S
raise,JC - AC
raise,QH - QD
fold,QC - 9S
fold,9C - 6D
fold,6D - 6H
fold,9C - 8D
fold,8D - 2D
fold,10S - 4C
raise,10C - 10D
fold,3H - 8D
fold,5H - KC
fold,7D - 10C
fold,6S - AD
fold,6S - KD
raise,AS - KS
fold,JS - 3C
fold,9S - QH
fold,9H - 7D
fold,4C - 8S
fold,7S - KS
fold,AC - 5D
fold,KS - 8C
fold,6C - 7S
fold,9C - 10D
fold,AC - 2H
fold,6D - AD
fold,KS - 5H
fold,2H - 5D
call,3D - 8D
call,3S - 2C
fold,4H - JS
raise,KC - KH
raise,KC - KH
fold,6H - 8C
fold,10C - 7C
call,9S - QS
fold,3H - 10D
fold,5C - AH
fold,5C - 2S
fold,8D - 7C
fold,3D - 4H
fold,5H - 2S
fold,10H - 9S
call,9H - 8C
fold,10C - QD
fold,9D - 7D
fold,4D - 9C
fold,9C - 8H
raise,7C - 8C
fold,10S - 9D
fold,6C - 9D
fold,3H - 9C
call,AH - JS
fold,9C - 2D
fold,9C - 4S
fold,3D - JS
call,10C - 3C
fold,5D - 10S
raise,QS - JS
raise,QS - JS
fold,5D - 8C
fold,5C - 3S
call,3H - QC
raise,8C - QC
fold,8C - QC
fold,8D - 5D
call,5D - 5H
call,5D - 5H
fold,JS - 8C
call,6S - QH
fold,6S - QH
fold,QS - JH
fold,9S - 10C
fold,7S - QH
fold,6D - 7S
fold,4C - 6S
fold,QD - 2H
call,4C - 4H
call,7D - 7S
fold,8H - JC
fold,7D - JH
fold,8S - 3S
call,2H - 9D
fold,9C - 8D
fold,2S - QS
fold,QC - 10S
raise,KD - AS
fold,KD - AS
fold,10H - KH
fold,3S - 9S
fold,4D - 3C
call,KS - 2H
call,KS - 2H
fold,5H - KH
fold,10H - 4D
call,4C - 6S
fold,8H - JD
fold,6H - 10D
fold,7H - QC
fold,QD - 5C
fold,3D - JC
fold,2H - 4H
fold,10H - 8D
fold,3D - 8S
fold,2D - 10S
call,AC - 7C
fold,2C - 10H
call,6D - 5D
fold,9C - 6C
fold,5C - AH
fold,5D - QC
fold,JC - 8C
fold,4D - KH
call,10D - 7S
fold,10D - 7S
fold,9D - JD
fold,8H - 5H
fold,7S - 10H
fold,2S - 4S
fold,KC - 6D
fold,6D - KS
fold,6S - 8D
fold,3H - 7C
fold,10S - AS
fold,3C - 9H
fold,KD - 4D
raise,KD - KC
fold,10S - AD
raise,JS - 10D
fold,10H - 3H
call,7C - 9C
fold,8S - 9C
fold,5H - 8S
fold,10H - 9S
fold,2D - 10H
fold,5D - 7S
fold,2C - 9H
fold,2S - 5H
fold,9D - 6S
fold,4H - JD
raise,3H - 3D
fold,9C - 3D
fold,3D - AD
fold,2D - 3H
raise,QS - KD
raise,QS - KD
raise,10S - QS
fold,10S - QS
fold,2S - 7D
fold,9D - 8D
fold,JH - 5D
fold,3C - 8C
fold,8S - 9C
call,8C - 9H
fold,4H - 2D
fold,QD - 4S
fold,8S - 3D
fold,JC - JD
raise,2S - AS
call,2S - AS
fold,8S - 8D
fold,9S - 5H
fold,5C - 2S
raise,KD - 3D
fold,10H - 4C
fold,AH - 5H
fold,JD - 6H
fold,7C - QC
fold,5C - QD
fold,8D - 9H
fold,7H - 4S
fold,7C - AS
fold,QD - 5C
fold,AD - 7S
call,10S - JD
call,JH - 10H
fold,AS - 6C
call,QD - KC
fold,4S - 6D
fold,6H - KH
fold,10D - 3H
fold,10H - 9D
fold,10H - 9H
raise,6H - 6D
call,6H - 6D
fold,2C - JD
fold,5D - 3S
raise,10S - KD
fold,10S - KD
fold,8H - JC
fold,7S - 4S
raise,3S - 3C
fold,3S - 3C
fold,AD - 9H
fold,2S - AS
fold,2H - 8D
fold,9C - 4D
fold,8H - AC
call,JC - KS
fold,3S - 2D
raise,JS - AD
fold,QD - 9C
call,9H - 8H
fold,AC - 3D
fold,7S - 5D
fold,4D - 5C
call,5C - QC
raise,10C - JS
fold,2D - 10S
call,QD - QC
fold,AH - 8S
fold,3S - AS
fold,10D - 8C
fold,2C - JC
fold,7S - KC
fold,9C - 2S
fold,3C - 9S
fold,2S - KC
fold,10H - QS
raise,JC - 10H
fold,6S - 3H
call,8C - 10H
fold,7S - 8H
fold,5H - 9H
fold,AD - 10H
fold,AD - 2S
fold,5C - 5H
fold,5S - JD
fold,AS - 5S
fold,9D - 8C
fold,3S - 8C
fold,AH - 5S
raise,JC - KC
raise,JC - KC
fold,10C - AH
call,3C - QD
fold,5D - 8C
fold,8S - JH
fold,7H - JH
fold,4S - 3D
fold,4H - KD
fold,8C - 2S
fold,10D - KH
fold,JD - 3C
fold,7C - 3S
fold,10D - AC
fold,6D - AS
fold,5S - KC
fold,AS - 9H
fold,3S - 5D
fold,2D - 7S
fold,2D - AS
call,QC - 2S
raise,7D - AD
fold,7D - AD
fold,8H - 2S
fold,5C - 3H
fold,3H - 5S
fold,9C - AS
fold,2H - 10D
fold,JS - AS
fold,9H - AC
fold,2H - KS
fold,5H - 6D
call,6D - 2D
raise,10D - KH
call,10D - KH
call,AH - JH
fold,JH - 6C
fold,10S - 4S
call,6S - 2D
fold,6S - 2D
fold,4H - 8H
raise,KS - AC
raise,KS - AC
fold,5S - KD
fold,3D - 8H
fold,8S - AC
fold,JC - 4C
fold,JD - 2S
fold,2S - 9C
fold,JH - QD
fold,JS - 7H
fold,10S - KH
fold,8S - AD
fold,9C - 6H
raise,AS - 3S
call,AS - 3S
fold,2D - 2H
raise,KH - AH
raise,KH - AH
fold,7S - 3H
fold,4C - 8D
fold,3C - 4D
fold,6C - 7S
fold,2S - KS
fold,8C - 2S
fold,6D - QS
raise,10C - 10D
raise,10C - 10D
call,10C - 6S
fold,8D - 2D
fold,QS - 7D
raise,8S - JS
call,8S - JS
call,3S - 9D
raise,7D - 6D
call,7D - 6D
fold,3C - 6C
call,10C - KD
fold,5S - 7H
fold,QD - 3S
fold,3S - 8S
fold,8C - 10D
fold,7D - 8C
call,7S - 7D
fold,4S - 9C
fold,8S - QH
fold,2S - JC
fold,4C - 10H
fold,KH - 5C
fold,QD - 5H
fold,6S - 8S
fold,9H - AD
fold,5S - 2D
fold,JS - 3D
fold,6S - 7H
fold,QS - 3S
fold,JD - 5H
call,JS - QC
fold,KC - 10D
fold,3S - JD
raise,10C - QC
fold,JC - 6C
fold,6D - QC
fold,KC - 9C
fold,3D - 9C
call,AC - JH
call,JH - 5H
fold,10D - 6H
fold,QH - 6S
fold,JC - 4D
call,JC - QD
fold,JC - QD
fold,10H - QD
call,QC - KD
raise,QC - KD
fold,4S - 9H
call,7H - 7S
call,10H - 7C
fold,2H - 7D
fold,4H - 3D
raise,QD - JD
call,QD - JD
fold,JD - 4S
fold,9D - 6D
fold,2C - 2S
fold,5C - 3S
fold,6S - QH
fold,7S - 3C
fold,6C - 3S
fold,2D - 6H
fold,JC - 7C
fold,JC - 2S
fold,JC - 8H
fold,8H - 7D
fold,8D - 4S
fold,4S - JH
fold,4C - 8S
fold,3D - 10S
raise,10S - 10H
fold,3D - AS
raise,AC - QH
fold,4D - 4S
fold,QS - 10C
fold,10H - KC
fold,7H - 4D
raise,10D - 10C
fold,KC - 2D
fold,7D - 5C
fold,6C - 4C
fold,AS - 10C
fold,10S - 3H
fold,QH - 5C
fold,6S - 4S
fold,JS - 8D
fold,QD - 9S
fold,6H - 4S
fold,8H - 7D
fold,KC - 6H
fold,9H - KH
fold,9H - 6H
fold,QS - 2C
fold,6S - QD
fold,JC - 8C
call,JC - QH
call,JS - 10C
fold,4S - QH
fold,2H - 10S
fold,9D - 6D
raise,JS - KS
fold,AH - 8D
fold,7C - JD
fold,8D - 9S
fold,7C - 5D
call,4H - QD
fold,5C - 2S
fold,8H - 4H
fold,6S - 8D
fold,9S - 6S
call,10H - 10C
fold,JS - 7H
fold,4D - 8D
fold,9C - 7D
fold,AH - 7D
fold,7S - 3H
fold,JS - 9C
fold,8C - 6D
raise,AC - AS
call,AH - QC
fold,10S - 5S
call,JC - QD
fold,3D - AC
fold,KD - 2D
raise,10D - AD
fold,2D - KH
call,3S - AS
fold,JS - 5D
fold,3C - 5H
raise,10C - 9C
fold,6H - 8S
fold,6S - 2C
fold,JC - 5C
fold,2C - 8H
fold,3H - 10H
raise,KC - QC
fold,9C - JS
fold,8H - 6S
call,QD - 10H
fold,5C - 7D
raise,JS - 8S
call,JS - 8S
fold,10S - 5S
fold,5C - 4C
fold,5C - 8H
raise,8C - 10C
fold,8C - 10C
fold,8D - 4D
raise,JD - 10D
fold,JD - 10D
fold,9S - 7H
fold,8H - KC
fold,10D - 9C
fold,2S - 9S
fold,8S - 4S
fold,10D - 3D
fold,KC - QH
fold,3D - 10S
fold,AS - QC
fold,6H - 2S
call,7C - 10H
fold,7S - 8H
fold,AC - 4D
fold,QC - 2H
fold,8S - JC
raise,QH - KD
fold,QH - KD
fold,JS - 4S
fold,8S - 9C
fold,JS - 6D
fold,7S - 10S
fold,QH - AS
fold,3H - 3S
fold,KH - AC
call,AH - 5S
fold,JC - 3D
fold,JD - 8H
fold,5H - 2H
fold,7D - JH
fold,AD - 3D
fold,3H - 3S
fold,8D - 7C
fold,5D - 8C
fold,3D - 4C
fold,4H - 6C
call,QS - 2H
fold,6C - 5S
call,5H - 10S
call,4H - 7H
call,10D - 7S
fold,10S - KS
fold,JD - 3D
fold,3H - 5S
call,5S - 2H
raise,JH - AS
raise,AS - JS
fold,7C - QD
call,AC - KS
fold,8D - 9C
fold,7H - 3S
fold,4S - 3H
fold,8D - 10S
fold,8H - 5S
fold,2D - 4D
fold,9H - JS
fold,3D - QS
fold,10D - 4C
fold,3S - 4H
fold,9D - 8S
fold,6D - 4S
fold,QS - 7D
call,JC - KD
fold,4D - KD
raise,JC - JH
fold,5D - 2H
fold,5D - AS
fold,AC - 4C
fold,6S - QC
fold,8H - AD
fold,9D - 2C
raise,10D - AD
fold,2S - KH
fold,KS - 8H
fold,7S - 10H
raise,AS - JC
call,QD - QC
fold,6H - 4H
fold,2D - 6H
fold,AH - 5S
raise,KH - AD
fold,5D - 7S
fold,4H - AS
fold,QH - 8D
call,JD - KC
fold,8C - 10S
call,JC - 10S
call,10H - JH
fold,4D - JC
fold,AH - 8D
fold,7D - 2C
call,3D - 6C
fold,7C - 2H
fold,QD - 10S
fold,9D - 2S
fold,KS - 6H
fold,3S - 3H
fold,9C - KH
fold,10C - 9D
fold,6S - 9D
fold,2H - 9S
call,10S - 7H
fold,10S - 7H
fold,9C - 4H
fold,AH - 8D
fold,8S - KD
call,JH - 4D
raise,10H - AD
fold,3D - 4S
fold,4D - QH
fold,QD - 6C
raise,AH - 10S
fold,AH - 10S
fold,6D - 4D
fold,8H - 10S
fold,KH - JH
fold,8H - QD
fold,JC - AC
fold,JS - 5D
fold,8H - QS
fold,3S - 9H
raise,8D - AD
fold,8D - AD
call,4H - 7S
fold,6H - 3S
fold,4H - 8S
fold,10D - 2D
fold,4H - 2S
fold,QH - 9S
fold,5C - 9S
fold,5C - JC
raise,6H - AH
fold,6H - AH
fold,2D - 8D
raise,KS - 10C
fold,KS - 10C
fold,AS - 7H
raise,10C - KH
fold,10C - KH
fold,3H - 8C
fold,AH - 6S
fold,2C - 4D
fold,KC - 9H
call,5C - AC
fold,9H - QD
raise,KC - KH
fold,5D - 10S
fold,AD - 4H
fold,5H - 5S
fold,4C - 9C
fold,7S - AS
call,JD - 2D
fold,8S - KH
fold,2C - AC
fold,3S - 5H
fold,5C - 2H
call,JD - KC
fold,4D - KC
fold,7H - 9S
fold,9S - 7D
fold,JH - 10S
fold,7S - 3C
fold,KC - 9S
raise,KH - 10C
fold,KH - 10C
call,5D - 4D
raise,9H - 10S
fold,9H - 10S
fold,8C - 10H
fold,9H - QD
fold,KD - 9C
fold,8H - 5S
fold,8D - JS
raise,10S - QH
call,AD - 8H
fold,9H - 5S
fold,QC - 2D
fold,8H - 7D
call,QD - QS
fold,10D - 6C
fold,QD - 3S
fold,5C - 10C
fold,3D - KS
fold,6S - 10C
fold,5S - 8C
fold,KC - 2D
fold,2H - 2C
fold,AD - 5S
raise,KH - KC
fold,10D - 3C
fold,KS - 5S
fold,5H - 8D
fold,3C - JD
fold,JH - 6C
fold,6H - 4D
call,KH - JH
fold,5H - 10C
fold,7S - KH
fold,3C - 9H
fold,5D - AH
fold,3S - 2D
call,KS - KH
call,2D - 5H
fold,JC - 7D
fold,4S - 9C
call,2S - 8C
fold,10H - 7D
fold,8H - 3C
fold,2H - 10S
fold,JH - 7H
fold,4S - 10C
fold,9H - JS
fold,JC - 4S
fold,4S - KD
fold,4D - JD
fold,9C - 5S
call,KS - 4D
fold,KS - 4D
fold,8C - 6H
fold,7C - KS
fold,AS - 9H
fold,3D - 7S
fold,4H - 5C
fold,6C - 5H
fold,QH - 10C
fold,5H - 6D
raise,KC - QS
call,KC - QS
fold,9S - 7S
raise,7D - 7C
call,7D - 7C
fold,3H - 4H
fold,3H - 7C
fold,JH - 2C
raise,QC - KS
fold,QC - KS
call,7H - 5D
fold,4D - 7C
fold,3H - 6S
fold,9H - 10D
fold,4D - 3H
call,9C - 9S
fold,9D - 4S
call,9S - 9D
fold,6C - QH
fold,9D - KH
fold,2C - 3C
fold,KD - 10H
fold,JD - 3S
fold,6H - 2D
fold,JS - 5S
fold,AD - 2S
fold,QH - 9D
raise,10C - JC
fold,4C - 3C
call,JC - JD
call,AC - 6C
fold,8S - 8D
fold,6S - 6C
raise,10S - JS
call,10S - JS
call,4S - AS
raise,JS - KD
fold,5D - 4H
fold,8C - 6D
fold,5D - 9S
fold,8D - 4D
fold,QS - 9C
fold,10C - 2S
raise,AH - AS
fold,6S - 10C
fold,2D - 10S
call,7H - AH
fold,5S - JD
fold,AC - 8S
fold,QC - 9H
call,QC - QS
fold,QS - 7H
fold,4D - 9S
fold,3C - AS
fold,4H - AC
fold,8D - KC
fold,6H - 3H
call,KH - 4S
fold,JD - 3C
fold,8D - 3S
fold,2D - 5C
fold,2D - 6D
fold,10D - 9H
call,5S - 10H
fold,KS - 6D
fold,5D - 6S
fold,7D - 2H
call,10S - QD
fold,AD - 9C
fold,5D - 4H
raise,QH - JS
call,QH - JS
fold,5S - AC
fold,8H - 5C
fold,6H - QD
fold,3C - 6H
fold,6C - JH
fold,8C - 9S
call,8C - 7C
fold,8C - 7C
raise,AD - 8D
fold,AD - 8D
call,6C - 8C
fold,QD - 5S
fold,6S - 3D
fold,3S - 9H
raise,JC - QC
fold,8H - QD
fold,8D - JS
fold,6D - 4S
raise,KC - AD
raise,KC - AD
fold,7C - 4D
fold,6D - JS
fold,9S - AH
fold,KC - 4S
fold,7S - AH
fold,5S - 3C
fold,4H - JS
fold,4D - 5S
fold,7D - 10H
raise,KC - JH
fold,7S - 4S
fold,8S - 10D
fold,KC - 4C
fold,8H - 9S
fold,9S - KS
fold,JD - 7S
raise,AH - JC
call,AH - JC
fold,8D - 5D
fold,7H - 2C
fold,9C - AH
fold,5D - KS
call,9C - 10S
fold,8C - 10S
fold,8S - JH
fold,JH - 5C
fold,QC - KS
fold,2C - 8C
fold,QD - 4D
raise,KS - AC
raise,KS - AC
call,AD - 6C
fold,4H - AD
fold,6C - 4H
fold,2D - 9S
fold,JD - QH
raise,AH - QH
raise,AH - QH
fold,9D - 4C
fold,QC - 5C
fold,7C - JD
raise,7S - 9S
call,7S - 9S
fold,6D - 7D
fold,9C - 5D
fold,KD - 8S
raise,AC - KD
call,AC - KD
fold,3H - QD
fold,3C - KS
raise,10H - QH
fold,10H - QH
fold,5D - 7H
fold,7C - 2H
fold,5S - QS
fold,4H - 6S
fold,8C - AD
fold,4D - 3D
fold,7D - 7C
raise,QS - AS
fold,6C - 4C
raise,QS - QC
fold,9C - 10H
fold,9S - 2S
fold,2H - KD
fold,QH - 4D
fold,9D - 4C
call,7C - 6D
raise,AS - QS
call,5C - 2H
fold,KS - 2S
fold,8H - 5H
fold,4D - 3D
fold,4H - 5D
fold,4D - AC
fold,3D - QD
fold,2D - 2H
fold,8S - 6D
raise,QD - AH
fold,2H - 5C
call,10C - 9C
fold,2S - 3S
fold,AC - QS
fold,10D - 6D
fold,5D - 8C
fold,5H - 3S
fold,2C - KC
fold,8C - 7S
call,4C - 5S
raise,7H - 8H
fold,7H - 8H
fold,2S - 4D
fold,JC - 3S
raise,JC - JD
raise,JC - JD
fold,8H - 9C
raise,AS - 6S
fold,4H - JD
fold,7H - 4H
fold,2S - JS
fold,5C - KS
fold,8D - 4S
fold,10H - 6S
fold,KS - 9C
fold,QS - 7H
call,KS - 8H
fold,2S - 7D
fold,6H - 4C
fold,4D - KD
fold,5S - 4D
fold,7H - 10D
fold,3S - AS
fold,QD - 3C
call,KS - 10D
fold,KH - 6C
call,7H - JS
fold,5S - KC
fold,7C - 9S
raise,10C - QH
fold,10C - QH
fold,AC - 2H
fold,3S - 3H
fold,2D - 4D
raise,7H - AH
fold,KD - QD
fold,KD - 3S
fold,8D - 2C
fold,QH - KD
fold,KS - 6C
fold,JD - 10H
fold,6D - 2S
fold,QS - 4S
fold,10D - 9S
fold,QH - 8S
fold,4D - 2S
fold,9C - QD
fold,6D - JD
fold,QD - 8S
raise,QC - KS
fold,QC - KS
fold,JC - 9S
raise,AD - 9D
fold,AD - 9D
fold,9D - 2D
fold,10H - JC
fold,KD - 7H
fold,4H - 10S
fold,AC - 8S
fold,6S - JH
fold,AH - 8D
fold,JD - 7H
fold,AD - 4C
call,8D - 5C
call,KD - 10D
fold,10H - 2C
call,8C - 8H
raise,8C - 8H
fold,QC - 5S
fold,4C - KD
fold,3H - 10D
fold,5C - 4H
fold,7S - QD
fold,5S - 10D
fold,JC - 3C
raise,AC - KC
raise,AC - KC
call,JD - QC
fold,JD - QC
fold,10S - AC
fold,6S - 4S
fold,8C - 5S
fold,5C - JH
fold,JS - 7D
raise,AD - JD
raise,AD - JD
fold,10C - 3D
fold,6C - 10D
fold,8S - 2D
fold,10S - 5H
fold,7D - QH
fold,3D - 6C
fold,6D - JH
fold,6S - JH
fold,QD - 3C
fold,5S - 3D
raise,JD - KD
fold,JD - KD
fold,2H - 5C
fold,4H - 2D
raise,9S - 8S
call,QC - KS
fold,10S - 6C
raise,AC - JC
raise,AC - JC
fold,QD - 8S
fold,5C - 7S
fold,8C - 5D
fold,JS - 5H
fold,5D - QC
fold,4D - 7C
fold,JS - AD
fold,5D - 2H
fold,4S - JH
fold,7H - AC
fold,7D - 4S
fold,KS - KH
raise,QC - JD
call,QC - JD
fold,QH - 9D
fold,10S - 5C
fold,8H - 6D
fold,3H - 10C
fold,7S - 9D
fold,JH - 9C
fold,2H - AC
call,4S - AS
call,AS - 10C
fold,2D - AS
fold,6H - 9D
fold,KS - 2D
fold,10H - 8H
fold,4S - QH
fold,5H - 3S
fold,10C - 6H
fold,JD - 9C
fold,6S - 10D
raise,KH - 10H
call,KH - 10H
fold,2C - 10S
raise,8H - 8S
raise,8H - 8S
fold,5D - 7S
call,JC - 10H
fold,3H - JC
raise,10C - QD
call,10C - QD
fold,4C - 7C
fold,JD - 5S
fold,5H - JH
fold,4C - 9D
fold,7H - AS
fold,KH - 5S
fold,QC - 6C
raise,7H - 6H
fold,8C - 2S
fold,5C - 4C
raise,JC - JD
fold,9C - 3C
fold,5H - 9H
fold,7D - JD
fold,10H - 2D
fold,5H - 7H
fold,QC - 6D
fold,KS - 2S
fold,5C - JD
fold,KH - 9C
fold,6S - JH
fold,6H - 2H
fold,9C - 8S
fold,KD - 8C
fold,5H - 10D
call,7H - 7D
fold,AD - 10C
raise,JC - 10H
fold,6S - AC
raise,AD - AC
fold,8D - 7S
call,QH - KS
call,QH - KS
fold,7S - 10S
fold,4C - 2S
call,JD - AC
call,JD - AC
fold,4H - 4S
fold,9S - 4D
call,6H - 3C
fold,JD - 4D
fold,KC - 5H
call,JC - AD
raise,AC - KS
call,7S - AS
fold,QH - 10D
fold,8D - 7C
raise,AD - 10D
raise,AD - 10D
fold,2C - 9S
fold,3S - QC
fold,JC - 9D
fold,6D - AS
fold,KS - 9H
fold,7S - JC
raise,5S - 7S
fold,AC - KH
raise,JH - JD
fold,8H - KH
fold,5D - 9S
fold,4S - 6C
call,JD - KH
fold,2S - 5C
raise,QD - 10S
fold,QD - 10S
raise,JS - QS
fold,4C - JC
fold,3H - 9H
fold,10C - 6H
fold,8S - 2C
fold,7C - 4C
fold,8S - 9D
fold,JD - 2S
fold,5D - 3D
fold,3H - 10C
fold,4C - 4D
fold,4C - 7D
call,AS - 10S
fold,2S - 8C
fold,8H - JC
fold,10D - 6S
fold,JC - 3S
fold,QH - 5S
call,8S - 7S
fold,AS - 8C
call,QH - JC
call,4D - AD
fold,6D - JS
fold,7S - QC
fold,6S - JH
fold,2S - 8S
raise,AS - KD
raise,AS - JH
fold,9C - 10D
fold,8D - 6C
fold,QC - 3S
call,JH - 10D
call,AD - 6H
call,KH - 10S
fold,9S - 5H
fold,7S - 5D
call,8S - 10S
fold,8S - 10S
call,KH - 10H
fold,AC - 7H
call,7H - AH
call,7H - AH
fold,7D - 4D
fold,9D - 4D
fold,6D - 7H
fold,6S - 2S
fold,4C - 3S
fold,3D - 10S
raise,AC - KH
fold,6S - QS
fold,10D - 4C
fold,AS - 7H
fold,6D - 8S
fold,AC - 7H
fold,10C - 2D
fold,2H - 8D
call,JC - QC
fold,5H - KC
call,JC - KD
fold,8D - 6D
fold,3D - KS
fold,8H - 6C
fold,5D - 4H
fold,10C - 3C
call,5C - 9D
call,QH - QD
fold,9S - 8D
fold,9D - 8C
fold,QS - 7S
fold,5D - 5S
fold,7C - 4H
fold,AH - 7D
fold,4C - 9C
fold,3D - 2S
fold,5H - 9H
fold,AH - 8C
fold,7C - 5C
fold,6C - 8S
fold,7D - JS
fold,5S - QD
fold,4H - 8S
fold,8S - 6C
fold,5D - JH
raise,4S - AS
fold,4S - AS
fold,4S - 5H
fold,6S - 3S
fold,9D - 2C
fold,AD - 2S
raise,KH - 4H
fold,KH - 4H
fold,10S - 5C
call,5C - KD
fold,2S - 5C
raise,AS - QD
raise,AS - QD
raise,AS - QD
fold,QC - 10D
fold,3C - 4C
fold,QS - 4C
fold,7S - 10S
fold,10H - 3S
fold,3D - 5C
fold,KC - KS
fold,7D - QC
raise,JS - KS
raise,JS - KS
call,7D - 7C
fold,4C - AS
call,JS - QD
fold,JS - QD
call,KD - 4H
fold,7D - 2D
fold,2H - JS
fold,KD - 2S
raise,4H - AH
fold,5H - KH
fold,JS - QC
fold,QC - 6C
fold,KC - JS
fold,8H - QH
fold,2C - JH
fold,2D - 3H
fold,5S - 7S
fold,9H - 3S
fold,6C - 3H
fold,5C - 3H
call,5C - 5H
fold,9H - 10H
fold,9H - 2D
fold,AC - 6D
fold,7H - 2S
fold,KC - 6S
fold,QC - 9H
fold,4D - JS
fold,10H - 8D
fold,5C - 7S
fold,9H - 5D
fold,7C - AC
fold,3H - 8C
call,QD - 10S
fold,KC - 7D
fold,JS - KD
raise,9D - 8D
fold,9D - 8D
fold,9H - 7H
call,7D - AD
fold,7D - AD
fold,7D - 9H
raise,10S - 9S
fold,10D - 3S
fold,3S - 10H
fold,8H - 10C
fold,9H - 7C
fold,JD - AC
fold,6S - 10C
call,3C - KS
fold,KC - 6D
call,KS - 6H
fold,KS - 6H
fold,6H - QC
fold,10H - 7H
fold,5C - AH
fold,5H - QH
fold,2C - JH
fold,9C - JH
fold,4D - 6H
fold,9D - 5H
fold,3H - 5D
fold,5D - 3S
fold,6D - KH
fold,5S - 2D
fold,8S - 5D
call,3S - QD
raise,8H - 7H
call,8H - 7H
call,10C - 5H
fold,JH - 2S
fold,7D - 4C
fold,9C - QD
fold,KC - 6D
fold,9S - 6D
fold,JH - 3H
fold,10C - QD
fold,6S - JH
call,2C - QD
fold,7S - KC
fold,4D - 7S
fold,KD - 6C
fold,5D - KS
fold,10D - 6H
fold,5H - 3C
call,AS - JS
fold,JS - 7C
fold,3S - 4S
call,QD - KS
raise,7D - 6D
raise,10H - JD
fold,QC - 6H
raise,JC - JH
fold,JD - 3H
fold,10C - 2H
call,10D - KH
fold,10C - 2C
fold,8C - 6D
fold,9S - AC
call,KC - QH
call,10C - JC
call,10D - 9D
fold,2S - JC
raise,KH - AC
raise,KH - AC
call,3D - QH
fold,4C - QS
fold,AC - 9H
fold,9D - QD
raise,10H - KC
fold,10H - KC
raise,AH - QC
raise,10C - KC
fold,KC - 4S
call,QC - JS
fold,2D - QS
fold,AD - 8C
fold,KC - 4D
fold,6C - 2D
fold,9H - 4C
fold,9S - AD
call,AC - 3C
fold,AC - 3C
fold,6H - 10H
fold,QH - 4D
fold,3C - 9H
fold,10C - 3H
fold,10C - 2H
fold,3S - JH
fold,6H - QH
fold,10D - 7C
fold,3S - 2D
fold,3S - JH
fold,2D - AH
fold,2C - 2D
fold,10H - 9D
fold,5S - 6H
fold,KS - 9C
call,QH - KH
fold,KS - 9C
raise,JH - AH
fold,8C - AH
call,JH - 7H
call,5D - KD
fold,6S - 9D
fold,3S - JH
raise,JD - AD
raise,JD - AD
fold,5D - 2D
call,JC - QD
raise,5C - AC
fold,5S - AD
fold,AC - 5D
fold,4D - KD
fold,4D - 10H
fold,7S - 4S
raise,KC - AH
fold,6D - QC
fold,8H - 5C
fold,8C - AD
fold,JH - 7H
fold,9H - JS
fold,10C - 6S
fold,9H - 6D
fold,4C - 7C
fold,JH - 5H
fold,5H - 8S
fold,10S - 2H
fold,KC - 6C
call,2C - KC
fold,9D - 3S
fold,2C - 5C
fold,QS - 5D
raise,AS - QH
fold,AS - QH
fold,4D - 3H
call,10C - KH
raise,KC - 9C
fold,7H - 6D
fold,6H - 2S
fold,3C - JC
fold,3D - 6C
call,JH - QC
call,JH - QC
fold,AS - 7C
fold,9H - QD
fold,2S - 8H
fold,8S - QD
fold,AS - 2D
fold,AH - 4D
fold,10C - 6H
fold,AH - 10S
fold,8C - 3S
fold,KS - 10H
call,9C - 3S
fold,2S - 2D
fold,8C - 10S
fold,QS - JD
fold,JH - QS
fold,5D - 6C
fold,9S - AH
call,KH - KC
fold,8D - QH
raise,AS - KS
fold,8H - 5D
fold,10C - 9H
call,JH - 3D
fold,2C - 7H
fold,4H - 2S
fold,AS - 2H
fold,8S - KS
fold,KC - 3D
fold,6S - AS
fold,6H - 6C
fold,JS - 9C
fold,8C - 3D
fold,8S - KS
fold,8S - JS
fold,6S - 3H
fold,3D - 9C
raise,QS - JS
fold,QH - 8H
call,9D - 10D
fold,KC - 3D
fold,KS - 4H
fold,7S - JH
fold,9S - KD
raise,8D - 10D
fold,3D - 4D
fold,4D - AC
call,KC - 2D
fold,8S - 10H
raise,8S - 9S
fold,KC - 9S
call,10H - QC
call,10H - QC
fold,8S - QS
fold,4C - QS
raise,7S - 6S
fold,7S - 6S
fold,7D - 4H
fold,QD - 4S
fold,7H - 8D
fold,KH - 5D
fold,10D - 8C
call,6S - 7S
call,KC - JH
fold,KC - JH
fold,5H - QS
fold,AS - KS
fold,QC - 3C
fold,8H - QS
fold,9D - 8S
fold,5S - KD
raise,AD - 4D
fold,AD - 4D
fold,6S - 4H
fold,3D - KD
fold,AS - 9H
fold,JC - 4D
fold,6C - QD
fold,KD - 7H
raise,6C - 6S
fold,6C - 6S
fold,JH - QS
fold,6C - JH
fold,KS - 9D
call,4H - 3S
fold,3C - 5H
fold,9S - 7C
fold,7H - 2D
fold,3S - 2H
call,9C - 7D
call,9D - 2C
fold,9C - QS
fold,4D - 8H
fold,6H - QS
fold,8H - 2S
fold,4C - 8H
call,5S - AH
call,5S - AH
fold,KD - JS
call,QS - 3H
fold,QS - 3H
fold,KS - 6H
raise,KH - QD
raise,KH - QD
call,6D - 4S
raise,AS - QS
raise,AS - QS
fold,QH - 4H
fold,8H - 5C
fold,KS - 3H
fold,2S - 7D
fold,6S - KH
fold,2C - JD
fold,JH - 5D
raise,8H - QH
fold,8H - QH
fold,6D - 8S
fold,9C - QS
fold,8S - 3D
fold,3C - 8S
fold,6S - 6C
fold,8C - 6H
fold,3S - 3H
fold,3D - QC
fold,9C - 7C
fold,4H - 5D
fold,4S - JH
fold,QH - 4S
raise,QS - 10S
fold,3S - KD
fold,7D - JC
fold,9H - 8C
fold,9D - JC
call,AS - 2S
fold,2H - 6C
fold,2H - 4S
fold,2D - 10D
fold,2D - 6S
fold,2D - KH
fold,QH - 2C
fold,7S - 6H
fold,KD - 8D
fold,3H - 5H
fold,8S - 6S
call,7S - 7C
call,KS - 7H
raise,4C - AC
fold,7H - 5D
fold,5H - 8D
fold,3D - 5S
fold,KH - 8S
fold,6C - 10D
fold,10S - 5H
fold,QS - 9H
raise,8D - 8H
fold,8D - 8H
fold,AH - 3D
fold,10C - 6D
fold,2D - 4D
fold,QD - 4D
call,9H - 8C
fold,3H - 6C
fold,7D - 5C
fold,6H - 9S
fold,3S - 4S
fold,5H - 4D
fold,6H - JC
fold,6S - KS
call,8C - JS
call,8C - JS
fold,3C - 8C
call,8H - AC
fold,8H - AC
fold,8C - 5C
call,QD - QC
call,QD - QC
call,4C - 3S
call,8H - KD
fold,6S - 9D
fold,8D - 6D
fold,6S - KS
fold,KS - 3D
fold,5S - KD
fold,4H - 9C
fold,QC - 2C
raise,9H - 9C
fold,9H - 9C
raise,AC - QC
fold,AC - QC
call,8H - KD
fold,JH - 5H
fold,2C - 8S
fold,3D - KC
fold,4D - 2H
call,5D - 9S
raise,JH - KH
raise,JH - KH
call,3S - 7S
fold,AC - 3C
fold,6S - 7H
fold,3C - QC
fold,4D - JC
fold,4D - AD
fold,QC - 2C
raise,JS - 10H
fold,JS - 10H
raise,KH - QH
fold,3H - 7H
fold,6S - QC
fold,9H - JD
fold,AC - 7S
call,AH - QC
fold,QD - 3S
fold,4C - 2S
fold,4C - 6C
fold,3H - 4C
fold,4C - 9S
fold,10D - 4H
fold,2D - 6S
fold,2H - 7D
fold,8C - 4H
fold,4C - 3H
call,10S - AD
call,5H - 8H
fold,6H - 3D
fold,5H - 4H
fold,QS - 7H
fold,7S - QC
raise,6D - 6C
fold,6D - 6C
fold,KH - 10D
call,9D - 4D
fold,6H - JS
fold,6H - 8C
fold,4D - 8C
raise,10S - 10C
fold,5H - 6D
fold,JH - 2D
call,3C - KH
raise,AD - JD
fold,AC - 6S
call,4S - 6D
fold,10H - 4H
fold,9D - AC
fold,7S - QS
fold,7D - 9D
call,10S - 8S
fold,5C - AH
fold,JD - 5C
fold,8S - 2C
fold,AC - 5H
fold,7S - QD
raise,JH - AD
raise,JH - AD
fold,3C - KS
raise,QH - JC
fold,7H - QS
fold,8H - 3H
fold,6C - 4S
fold,3C - 6H
raise,9D - AD
fold,9D - AD
fold,9S - 4D
call,7S - 8S
fold,9D - KS
fold,3S - 8H
fold,KH - 10S
call,10C - 9S
raise,6S - 6H
call,6S - 6H
fold,8S - 10C
raise,6D - 6C
call,6D - 6C
fold,AD - 4H
fold,2C - 6S
fold,2C - 9H
fold,10D - 4D
fold,JS - 6S
fold,2S - 8S
call,7S - QD
fold,5C - AS
call,5H - JH
fold,6D - 2D
fold,JH - 4C
fold,5S - AC
fold,5S - 4C
fold,2C - 2D
call,4S - 7S
fold,6H - 3S
fold,10H - 2H
fold,QH - JD
fold,9D - 3H
fold,QC - 5C
fold,8C - 4H
call,10D - 10C
fold,7S - KD
raise,AC - AS
fold,2H - 8H
fold,9S - JC
fold,10C - 9S
fold,2D - AC
fold,KD - 3C
fold,3H - AC
fold,QH - 7S
fold,9S - 10C
fold,AH - 2D
fold,JH - 6D
raise,QC - QH
fold,9D - QC
fold,3C - AD
raise,7D - 7H
call,7D - 7H
raise,KS - 10D
fold,KS - 10D
fold,6D - QC
call,5S - 7H
fold,3S - 9S
fold,8C - 5H
fold,JS - 2D
fold,5S - AD
fold,6H - 7S
fold,2S - AC
call,QH - 3C
fold,7H - 3H
fold,KD - 2C
raise,5S - 5H
fold,9S - 6H
fold,AH - 2S
fold,4H - 10S
fold,QS - 8C
fold,5H - 2S
call,JH - AS
fold,4H - 2C
fold,7S - AC
fold,QS - 3D
fold,10D - 4D
fold,7H - 4H
fold,10H - 9C
raise,4H - 5H
fold,4S - 9S
raise,AH - QD
raise,AC - QH
call,QS - KC
fold,2H - QD
fold,5S - AD
fold,JH - 4C
fold,2D - JH
call,9H - 6S
call,9H - 6S
call,JC - QC
fold,10D - 3S
raise,9S - 9C
fold,JS - 4S
fold,6C - JD
fold,2H - 4D
fold,JD - 6C
fold,8D - 6D
fold,JC - 3S
call,AH - 3H
call,2D - 10H
fold,8C - 6C
fold,2C - 9D
call,5C - 3S
fold,QC - 5S
fold,10C - AH
fold,5H - KH
fold,4C - QS
fold,7C - 8S
call,10D - 6C
fold,5D - QH
fold,2H - 10D
fold,5H - 7S
fold,10S - 2C
raise,10S - 10H
raise,10S - 10H
raise,10S - 10H
fold,KH - 8S
fold,AS - 2C
fold,KS - 9H
fold,9H - 10C
fold,2S - KH
fold,4D - 2H
fold,KH - 7S
call,QS - 4S
fold,8D - JH
raise,QC - 10H
fold,QC - 10H
fold,4S - 3S
fold,KD - JC
fold,7H - 5C
call,7C - 2C
fold,6C - AD
fold,JD - 7D
fold,8H - KC
fold,3S - 10S
fold,6C - KC
raise,QD - JH
fold,QD - JH
raise,KH - JH
raise,KH - JH
raise,QC - AC
fold,JD - 5C
fold,AC - 3H
fold,8H - KH
call,6C - AS
raise,QC - KD
raise,QC - KD
raise,QC - QS
raise,QC - QS
fold,JC - 5C
fold,4D - 6C
fold,10S - 9C
call,JH - AC
call,10C - AS
raise,QH - KH
fold,5H - JD
fold,AC - 5H
fold,8S - KH
fold,6H - QC
fold,JS - 7D
fold,QC - 5C
fold,KC - 5H
fold,7S - 6H
fold,8S - JD
call,10C - JC
fold,10S - 3C
raise,9D - QD
fold,7H - 7C
fold,7C - KS
fold,2S - 5D
raise,QC - QH
raise,QC - QH
fold,5D - KS
fold,2H - 7S
call,9S - JS
fold,QC - 4D
fold,4S - 9H
fold,10C - QH
fold,7D - 5S
raise,KS - AD
fold,4C - 5C
fold,7C - 4S
fold,JS - 2H
call,JH - 9H
fold,JH - 9H
call,5C - 9D
fold,9C - 8H
fold,10D - QD
fold,8D - 3D
fold,7S - 3C
fold,AD - 3C
fold,AD - 4C
fold,KH - 2H
call,10D - JS
fold,7H - KD
fold,3H - 10D
fold,5C - 4H
fold,3S - 10S
fold,2C - AC
fold,7S - 2D
fold,QS - 6H
fold,KH - 9H
fold,9D - 4D
fold,7D - 7H
fold,AC - 4S
fold,3D - 8H
fold,9S - KC
fold,9H - 9D
raise,10C - QS
call,10C - QS
raise,AD - 9D
raise,AD - 9D
fold,10C - 6H
raise,KC - AS
call,KC - AS
fold,6H - 4C
call,9C - 3S
fold,JC - 5H
fold,3D - 9C
fold,6C - AD
fold,6D - 2H
fold,9C - 4D
fold,8D - 4D
fold,JC - 9S
fold,AC - 6D
fold,5D - KH
fold,QS - 2C
raise,10S - JH
fold,6D - JS
fold,9S - 6H
fold,6C - 8H
fold,KH - 9S
fold,5D - JD
fold,4S - 2S
fold,KH - 3D
call,10S - AH
fold,JH - 3C
fold,5C - QD
fold,4D - 4H
fold,KS - 7H
fold,QD - 7H
fold,QH - 9D
fold,3H - QD
fold,4S - JH
raise,10D - 10C
fold,7C - 2S
fold,3H - 10H
fold,JS - 2D
fold,AC - 8S
fold,6C - 10H
fold,2H - 7H
fold,5H - 5D
fold,3C - 10C
fold,9S - 4C
raise,KD - KC
fold,4D - 7S
fold,JH - QD
fold,8C - JS
fold,10D - 3S
raise,QH - AC
call,4S - AS
fold,4C - KC
fold,KC - 7C
fold,10C - KH
fold,3D - AS
fold,2H - 4H
fold,9D - KH
fold,6C - 7S
call,8H - 6S
fold,4H - 7C
raise,AD - KH
fold,JS - 9D
fold,10D - JC
fold,KS - 7S
raise,QD - AS
raise,QD - AS
raise,9H - JH
call,8C - 3C
fold,2S - 2C
fold,6C - 2D
fold,6D - 6H
call,9D - 8D
fold,6H - KD
fold,JH - 2H
fold,8H - AD
fold,6D - 4H
fold,2S - 3S
call,KD - 9C
fold,2D - 7D
fold,2S - 10H
fold,KS - 10S
fold,8H - 2D
raise,JC - 10C
call,JC - 10C
fold,QC - 6C
fold,8H - JS
raise,8H - 7H
fold,4H - KC
fold,6D - 2S
fold,7H - 2C
fold,QD - 4H
fold,QD - 5S
fold,2S - 6C
fold,2S - 3H
call,JH - JC
fold,QC - 9C
fold,7C - JC
call,10C - 10H
fold,2S - 5C
fold,QH - 2D
fold,10D - 6S
call,KS - 2H
fold,JC - 2H
fold,3C - 6C
call,QH - 4D
fold,4D - KH
fold,3D - 2S
fold,6H - 10C
fold,9H - 2D
fold,2S - 3C
fold,9C - JD
fold,10S - 2H
fold,6S - 9H
fold,3H - 9S
fold,JC - QH
fold,6H - JS
raise,AC - AH
fold,QC - 8H
fold,JS - 8C
raise,QD - AH
fold,10C - 9S
fold,6S - 2C
fold,QD - 10S
fold,7S - 9S
fold,10D - 4D
call,QD - AC
fold,JS - 7H
fold,AC - 10D
fold,3C - 7H
fold,2C - 8S
fold,2S - 3C
fold,3D - JC
call,5H - AH
fold,KC - 10D
fold,7D - 5C
fold,2C - 7S
fold,3D - 4C
fold,10C - 5C
fold,4H - 4C
fold,2H - 9C
fold,8D - QS
fold,4C - AH
fold,4D - JC
call,JH - 2D
fold,KD - 7H
fold,9D - AH
raise,AC - KD
call,AH - QH
fold,6D - AD
fold,AC - 5S
fold,5C - 9H
call,4D - 3S
fold,AS - 9D
fold,2H - 7S
fold,JS - 5C
raise,6H - 6D
fold,5H - 9D
fold,9D - 10H
fold,QC - 3H
fold,QS - 7S
fold,KC - 5S
fold,8C - 2C
fold,6C - 2C
call,9S - 3D
fold,2D - 6D
fold,KS - JD
fold,10H - 3D
fold,6S - JH
fold,9H - KC
fold,8C - 4S
fold,4S - 6C
call,7D - 9H
fold,JH - 3S
fold,10H - 5C
fold,QD - 8S
fold,AC - 3S
fold,AD - 8S
fold,2S - 4H
fold,6C - 2S
fold,7H - 4H
fold,5H - AS
fold,7D - 3C
raise,JH - AD
fold,JH - AD
fold,AS - KD
fold,10C - 7S
fold,3D - 8D
call,KS - QD
raise,QS - JH
fold,QS - JH
fold,4H - QS
fold,QH - 5H
fold,6C - QH
fold,9D - 8S
fold,8S - AH
raise,AC - QD
call,9S - 5S
call,QH - KC
fold,6H - 10S
fold,JS - 6D
fold,JD - 8H
call,AH - 6H
fold,AH - 6H
fold,2S - 10H
fold,JD - 6D
raise,AH - QC
fold,2D - 6H
fold,8S - 3H
fold,6D - AH
fold,5D - 10D
fold,KD - 4C
fold,7D - AS
fold,6C - 4H
fold,8S - 2C
fold,10C - QH
fold,3C - JD
fold,QH - 4H
fold,8H - 9C
fold,9S - JH
fold,4H - QC
fold,7C - 5D
fold,5H - 10S
fold,7C - 6D
fold,3S - 9H
fold,6D - 3C
fold,9D - AS
fold,QH - 7S
fold,4S - 2C
raise,AH - 3H
call,AH - 3H
fold,KS - KD
raise,KC - QH
call,KC - QH
fold,9C - 8H
call,2S - 7C
fold,2S - 7C
fold,KH - 8C
fold,QD - 8H
fold,4D - 6D
call,KC - KH
fold,6H - 7C
fold,3S - 10C
fold,3D - 5H
fold,9S - 7C
fold,9H - JH
fold,9D - 7C
fold,8C - 2H
fold,10S - 8H
fold,8C - JH
fold,QH - KS
fold,KD - 9S
fold,9C - 4C
call,5S - AS
fold,3H - JS
raise,4C - 5C
fold,4C - 5C
fold,3S - 8S
fold,7C - AC
fold,QH - 6C
fold,8H - 3C
fold,5S - 8D
fold,8D - KH
fold,3S - AD
call,JS - KH
fold,6D - 7C
fold,8S - 6D
fold,6D - 7H
fold,JH - 3D
fold,JC - 4S
fold,KH - 2H
fold,2D - 6C
fold,5C - 10H
fold,2D - 3D
raise,QH - QD
fold,2S - 5H
fold,6C - QD
raise,6D - 8D
fold,6D - 8D
fold,2C - 7H
raise,QH - AH
raise,QH - AH
fold,6C - JH
call,6D - 9D
fold,2D - JH
fold,JS - 9H
raise,QC - AS
fold,QC - AS
fold,7C - 2H
fold,9C - 7D
fold,3H - JD
fold,8H - 6D
raise,KS - AH
raise,KS - AH
fold,QD - 8H
fold,4C - 8H
fold,KS - 4C
fold,5D - 10H
fold,3H - 7H
fold,QS - 8H
raise,QD - QH
raise,QD - QH
raise,QD - QH
fold,6S - 7S
fold,5D - 7C
fold,8C - 5S
fold,KH - JS
fold,2H - 5H
fold,4H - 2D
fold,AH - 6S
fold,AS - 8C
fold,QC - 4S
fold,3D - 10S
fold,9D - 5C
fold,10C - KS
fold,9S - 6S
fold,8H - JH
fold,JD - 8D
fold,6S - 5H
fold,5C - KD
fold,2H - AC
fold,4S - 3C
fold,AC - AD
fold,5D - 6H
fold,7H - 3C
fold,5D - 9C
fold,3D - 2H
fold,2C - 2S
fold,10H - AD
fold,8H - 7D
fold,8C - 10H
fold,5S - 6H
fold,2S - 5C
raise,9D - 9S
raise,9D - 9S
fold,8C - 7S
fold,8D - JC
raise,10S - KS
call,10S - KS
fold,2C - 8D
call,6H - 8H
fold,4H - 7S
fold,AD - 6C
fold,3S - 7H
fold,AD - 5H
fold,KD - 6H
call,KH - 4S
fold,9C - 5S
call,QH - 2H
fold,3S - JH
fold,5D - 10D
raise,JS - 9S
fold,JS - 9S
fold,9D - AS
fold,6H - AD
fold,3S - JD
fold,9C - AH
fold,AC - 6S
fold,6H - KC
fold,8D - QS
fold,8D - 9S
fold,5S - 9C
fold,KS - 10C
fold,5D - 4D
raise,2D - KD
fold,8H - 4H
fold,KS - 2C
call,5S - 6S
fold,8C - 3D
call,6H - 3H
fold,6H - QH
raise,KH - KD
fold,KH - 9H
fold,9C - JS
fold,QH - 6H
fold,7D - QS
call,9D - QH
fold,6C - 8C
fold,5S - 3D
call,QC - 9C
fold,2D - AH
call,7H - 6H
call,KH - QD
fold,KD - 7D
fold,9C - 7H
fold,10H - 6H
fold,KD - 8H
fold,5C - 10D
fold,7S - 6C
call,JH - AS
fold,JH - 7D
fold,9D - KH
fold,5S - 4S
fold,7D - QH
fold,QH - 5S
raise,KC - QC
raise,KC - QC
fold,8S - 6D
fold,5D - 4H
raise,KD - AC
fold,6S - 8S
fold,KD - 4H
fold,5D - 4S
fold,9H - 3S
fold,KC - 4S
call,JD - QH
fold,2S - 8H
fold,8H - 9S
fold,3C - 6H
fold,7S - QS
fold,2S - 10C
fold,KC - 10C
fold,10S - 7S
fold,QS - 7D
raise,QH - QS
raise,AC - AS
call,7H - AS
fold,9H - QD
fold,9H - 3H
call,10D - 8D
fold,3H - KC
fold,5D - QH
call,2S - 9D
fold,10S - 5H
fold,2D - 3S
fold,4D - 9C
fold,2S - JS
fold,AS - 7C
fold,8H - JC
fold,2D - 10H
fold,JS - 9C
fold,KH - 5S
raise,7H - 9H
fold,7H - 9H
fold,6H - KC
fold,10H - 7H
call,QD - 2D
fold,2D - QS
fold,2D - 2S
raise,9H - 8D
call,KC - AC
raise,8S - 6S
fold,8S - 6S
fold,QH - 6S
fold,5S - KD
call,JD - 8S
fold,8D - JH
call,JS - KC
fold,JS - KC
fold,2C - 5D
call,10D - KC
raise,10D - KC
fold,5C - 3H
fold,QC - 7C
fold,4D - 3S
fold,9C - JD
raise,10C - QS
fold,10C - QS
fold,9H - JD
fold,9S - 10D
call,QS - QD
call,6S - AC
raise,JH - 9H
raise,JH - 9H
fold,2H - QH
fold,7S - 5S
fold,3C - 10C
fold,8H - KS
fold,3C - AH
fold,5D - 7H
call,3D - 2H
fold,3H - AC
fold,3D - 8D
fold,QD - 3H
call,2D - 7C
raise,4C - 4D
raise,QC - AC
fold,7D - 10D
fold,2S - 4S
fold,6D - 3C
fold,4D - 10D
fold,KD - 2C
raise,KH - QS
fold,KH - QS
fold,9H - 6C
fold,8D - 7S
fold,7D - 10D
fold,9H - KH
fold,2S - 9S
call,AH - 3H
fold,KH - 6C
fold,QS - 3S
fold,4H - 8D
fold,4H - 8S
call,5H - 4H
fold,5H - 4H
raise,AH - 3H
fold,AH - 2D
fold,JD - 5S
call,10C - 7C
fold,2C - 2H
fold,9S - 6D
fold,KD - 5S
fold,JC - 6D
fold,8C - 2H
fold,AD - 2H
call,5D - KD
fold,5D - JD
fold,JH - 3S
fold,4C - AD
fold,5H - 10H
fold,10H - 9H
fold,KC - 2C
raise,AH - AD
raise,AH - AD
raise,JC - AC
raise,JC - AC
fold,8H - 6D
raise,QC - AS
fold,3D - 10D
fold,8H - QS
fold,8C - JD
raise,JD - 8D
fold,JD - 8D
fold,9S - 7H
call,3S - 8H
fold,6C - KC
fold,7H - 10C
fold,4D - 8S
raise,AC - 10S
call,8S - 8D
call,8S - 8D
fold,8D - 2S
fold,JH - 4C
fold,4C - 10D
fold,6C - 3C
fold,QS - 7S
fold,5H - 2C
fold,7H - 5D
fold,2S - KH
call,JD - 10H
fold,6D - 8D
raise,AH - AD
raise,AH - KH
fold,JS - 3S
fold,QD - 10C
fold,9H - 6S
raise,QS - 10H
fold,5S - 3H
fold,7C - 8S
fold,4C - 2H
fold,JD - 6D
fold,JS - 2H
fold,2C - 5S
call,2C - 8H
fold,7H - QC
fold,KD - 3D
fold,KS - 2C
fold,7D - 6H
fold,4S - JD
fold,9C - 7D
call,2S - 7D
fold,2S - 7D
fold,4D - 4H
call,7D - QS
fold,KC - 2S
call,4S - QC
fold,4S - QC
fold,7S - 10S
fold,7D - 4D
fold,10C - JD
raise,7D - 9D
call,7D - 9D
fold,AH - 5C
raise,QD - AC
call,QD - AC
fold,3H - 2H
call,8H - 2D
call,8H - 2D
call,AD - 5C
raise,QS - AH
fold,2H - 8D
fold,10S - 9H
fold,JS - 6D
fold,9C - AC
fold,2S - 9D
fold,7S - 10D
fold,3D - 10C
fold,2S - QS
fold,2C - QH
fold,10H - AD
fold,9C - 6H
call,5C - 6C
fold,JD - 8D
raise,AD - QH
fold,7S - 2H
fold,4D - AC
fold,AD - 9S
fold,KC - 2C
raise,QS - QH
fold,9C - 7D
call,10D - JD
raise,AC - QS
fold,4C - QD
fold,5H - 3S
fold,6C - 4H
fold,4D - JD
fold,2S - 4H
call,5S - 5H
raise,JH - JS
call,2C - 4S
call,9D - QC
fold,AH - 7C
fold,KS - 5D
fold,8H - 9S
fold,4H - KH
fold,8D - 4H
fold,KH - 2C
fold,JH - 4D
fold,QD - 7D
fold,8S - AH
fold,4S - 2H
fold,10D - 6C
fold,5S - QD
fold,3D - 10S
fold,10D - 4H
call,9D - 8C
fold,QD - 4H
raise,6H - 5H
call,6H - 5H
fold,7S - AD
fold,KH - 6S
fold,10C - AS
fold,8C - 3H
fold,3D - 3H
fold,4H - 5D
call,10D - AD
fold,4H - KH
raise,10H - 10S
call,KD - JD
fold,4H - 6C
call,8C - 8D
fold,2C - QD
fold,4H - 4D
fold,JC - 6S
fold,5H - KS
fold,QD - 5D
fold,9D - 7D
call,10H - JC
fold,4D - 8H
raise,AD - JD
fold,6S - JC
fold,QD - 3H
raise,JD - JH
fold,7D - 8C
fold,9S - 4C
fold,7D - AC
fold,4S - 6C
fold,5D - 5S
fold,6S - KS
fold,5D - 3C
fold,JS - 2H
fold,7C - 10D
fold,6H - KH
fold,QD - 3S
fold,6D - 7C
fold,3H - 2D
call,8H - AH
fold,7H - 2D
fold,KD - 10C
fold,KD - 4H
fold,QC - 6D
fold,JH - 6D
fold,4S - 10H
call,10C - AC
fold,3S - JS
call,AC - JS
fold,2H - 8D
fold,2S - AH
fold,4S - 5D
call,QD - AC
call,AD - 9D
fold,4H - 3H
fold,5D - QH
fold,JC - 4S
call,KH - 4H
fold,KH - 10C
fold,3C - 7C
fold,10D - AS
fold,7C - 6H
fold,7C - KS
fold,3D - QH
call,10S - JH
fold,6D - QD
fold,2H - 8H
fold,QH - 7S
fold,KS - 2S
fold,8S - KC
call,5S - 3D
fold,3S - KH
fold,10S - 7S
fold,JH - 10D
raise,KD - 9D
fold,KD - 9D
fold,8S - 5C
fold,3C - 4C
fold,2D - 7S
raise,JH - QS
fold,AD - 6S
fold,9H - KH
fold,9S - 2C
fold,4S - KD
raise,JD - KC
fold,9S - JC
raise,QD - JS
fold,5C - 7C
fold,5D - JH
fold,4H - 5H
fold,JD - 3D
fold,6D - 7H
fold,6D - KH
fold,JS - 3D
fold,8H - 4C
fold,7C - QH
fold,10C - 4D
raise,10S - JS
raise,10S - JS
call,AD - QD
call,AH - KC
fold,QD - JD
raise,10C - AS
fold,8D - AH
fold,9D - 2S
raise,4C - 5C
fold,4C - 5C
call,5D - 4D
call,7H - 10C
raise,10D - 10C
call,QD - AD
fold,JD - 3H
fold,3S - 8H
fold,KS - 5C
fold,4D - 4C
fold,3H - 8D
raise,KS - 10S
fold,4C - KH
raise,AD - JC
fold,3H - 10H
fold,8H - 4D
fold,KH - 7D
fold,QH - 9D
fold,9D - 7S
raise,KS - 10D
fold,8S - 5S
fold,3D - 10C
fold,7C - 2C
fold,5H - QS
fold,8D - 9C
fold,QS - 6D
fold,KC - 10H
fold,2D - 10D
fold,2D - 8S
fold,3C - 5S
fold,3C - 3D
fold,4S - JC
fold,4H - 4S
fold,10D - 5H
fold,4C - 5S
raise,AS - 8S
fold,6S - 7H
fold,9H - AC
fold,KS - 2D
raise,QH - KC
fold,9H - JD
fold,3C - AS
raise,QD - JD
fold,9C - 6H
fold,10H - 3D
fold,3H - 3C
call,9H - 9D
fold,9S - JH
fold,QD - 8C
fold,2D - 3D
fold,AH - 3S
call,QD - 9C
raise,QH - KS
fold,10C - QD
fold,3H - 8C
fold,10D - 9S
fold,10C - 6H
fold,KC - 7H
fold,JH - 8C
fold,10H - 2D
fold,2D - QC
fold,2D - 5S
call,QD - 3C
raise,JS - 8S
fold,10H - JC
fold,9S - 3D
fold,QD - 7C
raise,6S - 7S
fold,6S - 7S
call,2H - JS
fold,2H - JS
fold,5D - 2C
fold,9C - 5D
fold,5D - 3D
fold,4H - 9D
fold,KC - 5C
fold,4H - 9D
raise,AS - 5S
fold,AS - 5S
raise,AS - 3S
fold,8C - JS
raise,4H - AH
fold,AH - 8S
fold,3C - KC
call,8S - 7S
fold,5C - 5S
fold,4C - AD
fold,9D - 3C
fold,7D - 10C
fold,QS - 2S
fold,7S - 2C
fold,AS - 2D
fold,3C - 2D
fold,6C - 9S
raise,AC - 6C
call,AC - 6C
fold,2C - 5D
fold,2D - 9C
fold,6C - 5C
raise,10S - 9S
call,10S - 9S
fold,3S - QS
fold,6D - QS
fold,2H - QS
fold,3D - 5S
fold,9C - 5C
fold,7D - 4H
fold,10H - AD
call,5C - 4S
fold,5C - 4S
fold,JS - 4S
fold,8C - AH
call,10C - JH
fold,10C - JH
fold,3H - 6C
fold,4H - 3H
raise,5S - AS
fold,2D - 4C
fold,7D - 9S
fold,3S - 8S
fold,JD - 7S
fold,2H - JS
fold,2H - 5H
fold,4D - QS
fold,9H - AD
fold,9H - 6D
fold,6S - 2H
fold,2C - QH
fold,2D - JD
fold,9D - 3S
fold,4C - JS
raise,8S - JS
call,9C - 2H
call,QD - 10S
raise,AD - 2D
fold,AD - 2D
fold,3C - KC
fold,KH - 2D
fold,8D - AC
fold,10C - 3H
fold,7D - AS
fold,5S - 6D
fold,2D - 7D
call,6D - QS
fold,QS - 3S
fold,2C - 5H
fold,KH - 3H
fold,5S - AS
fold,2C - 3S
fold,QH - 6H
call,9H - 9S
raise,9H - 9S
fold,QS - 3H
fold,QH - 7H
call,6D - 7D
fold,3H - KC
fold,3H - 5H
fold,7D - 8S
fold,QC - 6S
fold,7S - 6C
fold,3H - 8C
fold,2D - 6C
fold,QD - 4C
fold,7C - JC
call,7S - 8S
raise,JC - KD
fold,5H - JS
fold,3D - KH
raise,AH - QS
fold,4C - QS
raise,3C - 3S
call,3C - 3S
fold,6H - 5H
fold,4C - 4H
fold,7H - 2D
raise,10H - 9S
fold,10H - 9S
fold,4C - QD
fold,6S - 5C
fold,4H - JS
fold,2D - 3S
fold,AD - 7C
raise,JD - AC
raise,JD - AC
fold,QC - AD
fold,AD - 6S
fold,4H - 6S
fold,5S - 4C
fold,2C - 5C
fold,9S - 5D
fold,JH - 2S
call,AD - 6D
fold,AD - 6D
call,8H - 7C
fold,4H - 4C
fold,9D - KD
fold,5S - 8C
fold,4S - AD
fold,3H - 5D
fold,5C - 6H
fold,9S - KD
fold,9D - 7S
fold,8D - 2S
call,AS - 2H
call,7S - AS
call,8C - 10C
fold,10H - 4C
fold,5D - 5S
fold,JC - 5H
fold,JS - 2S
call,6C - 5C
call,8S - 8C
fold,5H - 3S
fold,5C - 10S
fold,3D - 8C
fold,3D - 8D
fold,9H - 2H
fold,2H - KH
fold,10S - 9C
fold,8H - 3H
fold,QS - 3S
fold,JH - 4D
call,AH - JC
fold,QD - 2D
call,QH - QC
fold,9S - 7C
call,2H - QC
fold,2H - QC
fold,3C - 6S
call,AC - 5S
fold,JD - QS
fold,QC - 4C
fold,7S - 4D
call,5S - AC
fold,10C - 8S
fold,2D - JD
fold,2D - 4C
fold,10H - 2D
call,7C - 5C
call,7C - 5C
fold,5C - 5H
raise,QC - JD
call,QC - JD
fold,KC - JD
fold,9D - 10H
fold,7C - KC
call,AS - 4S
fold,AS - 4S
fold,5S - 6H
fold,2S - QH
fold,9H - 2D
fold,JD - 9H
call,QH - AC
fold,6D - 8H
raise,10D - QD
fold,QS - 7C
fold,9S - QD
raise,KH - QH
fold,3S - 7S
fold,8H - 6H
fold,2C - 7S
raise,KC - JH
fold,3S - 4D
fold,8D - 2S
call,KS - 10D
fold,QD - 3D
fold,5S - 5D
fold,9S - 5S
call,JH - KH
raise,AD - QC
fold,7H - 3H
fold,8C - 4S
fold,AD - 4C
fold,5H - KS
fold,3S - AD
fold,2S - JC
fold,4D - 5H
fold,4H - JH
fold,8C - 6S
call,KD - AH
fold,2H - 10H
call,QC - JS
fold,9C - 10S
fold,2S - 4S
fold,9D - 4D
fold,QD - 8D
fold,6C - JH
fold,3H - 9C
fold,4C - 10H
fold,5S - AS
fold,3C - AD
call,2H - 9S
fold,3D - 9H
fold,2H - KD
fold,5H - 8D
fold,8S - 4D
raise,10S - QS
fold,6C - 5H
call,QD - JD
fold,3C - 8S
fold,JD - 3S
call,KH - QS
fold,6D - 6S
fold,10C - 3D
fold,10D - 6C
raise,QC - QS
fold,7D - 5C
fold,4H - 5C
fold,KS - 5D
fold,7D - 5S
call,2D - AC
fold,KC - 5S
call,AH - KH
raise,7D - AD
fold,JD - 5H
fold,8S - 3D
fold,4H - AC
fold,AC - 8H
fold,3D - 10C
fold,5S - 9C
fold,AC - 9D
fold,9H - 3S
fold,5C - 8D
fold,5H - QS
fold,AH - JH
raise,9H - 9D
raise,9H - 9D
fold,8H - 9D
raise,KD - AS
fold,QC - 5C
fold,4C - JC
fold,9S - 5S
call,5H - 7S
fold,6S - QD
fold,3S - 2S
fold,6S - 5D
fold,4C - 10C
fold,9H - QD
fold,2C - 9D
fold,7S - 7D
fold,6S - AC
fold,2D - 3S
fold,3H - 2D
fold,7S - 10S
call,KH - JD
fold,3C - 6H
fold,5H - 3H
fold,6C - AD
call,KS - JS
fold,JH - 4D
fold,4S - 5D
fold,QC - 8C
fold,8C - AC
call,QD - AC
call,2C - 4H
fold,3D - JS
call,KS - QH
raise,KS - QH
fold,QH - 9C
call,QS - AH
fold,2H - JC
fold,7C - JD
raise,AS - KC
raise,AS - KC
raise,AS - KC
fold,KC - 7S
fold,9D - 4H
raise,AH - KD
fold,6H - 10S
fold,8C - AS
fold,10H - 8C
fold,6C - 2C
call,KD - 10D
raise,AC - JC
fold,JD - 7C
fold,9C - JD
raise,KS - AH
fold,2C - 8C
call,JD - 9C
fold,KH - 9D
fold,KH - 8H
fold,9C - 2S
fold,8C - 3S
fold,4H - 3D
call,4H - 3H
raise,KD - QD
call,10C - KC
fold,JC - 8H
fold,JD - 5H
fold,10S - 5D
call,3S - JS
raise,10S - 9S
fold,KD - 8C
fold,KH - 10D
raise,10S - 9S
fold,5H - 2D
fold,JC - 7C
fold,4D - 3C
fold,10H - QC
fold,8D - 2D
fold,5H - 9S
raise,QC - AD
fold,6S - KH
fold,JC - 7S
call,QH - KC
fold,4H - KD
fold,4C - QH
fold,AC - 9H
fold,2S - 10H
fold,JH - 8C
fold,5D - 5C
fold,3D - AD
fold,2S - 4H
fold,4C - 5C
fold,5C - JH
raise,QC - JH
fold,KC - 6H
fold,2C - 4H
fold,QD - 9H
fold,6H - 10C
fold,10C - 8S
fold,8H - 5H
fold,AH - 4D
fold,10S - 8H
fold,2S - AD
fold,4H - 7C
fold,QS - 10D
fold,4D - JD
call,JS - AD
fold,3C - 3H
fold,9C - JH
fold,5S - 9C
fold,7H - 4C
fold,8C - 9D
fold,5D - AH
fold,KD - 9H
raise,JC - 10H
fold,JC - 10H
fold,6C - 4C
fold,2S - 5S
fold,QC - 10S
fold,7H - JD
fold,6D - JC
call,7D - 3C
call,JC - 4C
fold,JC - 4C
fold,2H - 7D
call,4S - 10C
fold,6D - 9D
fold,8D - 2C
fold,5S - JC
fold,6S - JC
fold,4D - 4H
fold,2D - KS
fold,9D - KC
fold,9C - 8S
fold,KD - 4D
fold,2C - JH
fold,9H - 5D
fold,5S - 2C
raise,AD - 10S
fold,AH - 2D
fold,2D - JD
raise,QS - QC
call,JH - 4D
raise,KC - AC
call,3D - 9H
raise,8C - 9C
fold,5C - 8H
raise,6C - 6S
fold,9S - KC
raise,10C - AD
fold,6S - 3S
fold,6C - 10H
fold,6S - AH
fold,2D - 5C
call,JD - KC
fold,KH - 5S
fold,6H - 5S
fold,9D - 2C
fold,3S - 2C
fold,9D - 4D
fold,4D - 10S
fold,7D - 10D
fold,4H - 7C
fold,6D - AC
fold,7S - 4H
fold,JH - 4C
fold,3C - 4S
call,7S - 8S
fold,6C - KC
fold,7C - 4H
fold,5C - 8D
fold,2H - AD
fold,JH - 10H
fold,2D - QC
fold,4S - QH
fold,3H - KC
call,AC - 2C
fold,2S - 5S
fold,5S - KC
fold,JH - 4D
fold,QC - 3C
fold,3H - 8S
fold,6S - AD
fold,AS - 4C
fold,3H - 10H
fold,6S - 9D
raise,AD - KH
raise,AD - KH
fold,JD - 7D
fold,7S - QS
fold,JC - 8S
fold,QS - 8H
raise,9D - 10D
raise,9D - 10D
call,7H - 7D
fold,7H - 7D
call,7S - 9S
fold,9S - 7H
raise,KD - AS
raise,KD - AS
fold,QH - 9S
fold,AC - 4D
fold,QC - 8H
fold,5D - 8H
call,8H - 6H
fold,AH - 6D
fold,9C - KH
raise,QD - AD
raise,QD - AD
fold,8H - 4H
fold,AS - 9C
raise,AD - 10D
fold,AD - QS
call,10C - 8S
call,10C - 8S
fold,6D - 4D
call,10D - 7S
fold,10D - 7S
fold,QS - 10C
raise,10C - JC
fold,10C - JC
fold,8H - 9C
fold,3C - 7C
fold,5S - AH
fold,7C - KD
fold,4D - 2C
fold,5C - JD
fold,JH - 4S
fold,8S - JC
fold,7C - 10D
raise,AH - KC
raise,AH - KC
fold,9D - 5S
fold,10C - 4S
fold,4D - 7S
call,5D - 2S
fold,10H - 5H
fold,8C - 6H
fold,4S - 8C
fold,6H - JC
raise,KS - KC
raise,AS - 9S
call,AS - 9S
fold,2S - 7D
fold,6D - 9H
fold,10D - 4H
raise,KH - 6H
fold,KH - 6H
fold,2S - 8C
fold,8C - 4C
fold,7H - 4C
fold,5C - 8S
fold,6D - 2H
fold,5D - QH
raise,KD - KC
fold,8S - QC
fold,2D - 7S
raise,AH - JC
fold,3S - 5C
fold,8D - 2C
fold,5C - QS
fold,5D - 2C
call,JD - KH
fold,8D - 3C
fold,9H - 8S
fold,5S - KS
call,10C - JD
call,10C - JD
raise,KH - KD
raise,KH - KD
fold,9D - AH
fold,QS - 8H
fold,7C - 6D
fold,JD - 9H
call,7S - KD
fold,7S - KD
fold,JD - 6C
fold,6S - AD
fold,AH - 10C
fold,9H - 5S
call,8H - 3D
fold,3S - 3D
call,6S - AD
fold,6S - AD
fold,2H - 10S
fold,9S - 3S
fold,QC - 3C
fold,3S - 9D
raise,KD - KC
fold,3D - 6H
fold,10D - 5H
fold,2S - 5H
fold,2H - 7D
fold,10C - 7S
fold,5S - 3H
fold,3S - 2D
call,JC - QH
fold,7C - AS
fold,8H - KS
fold,4S - QS
fold,KH - 2C
call,6S - AC
fold,10C - 3H
fold,4D - JS
fold,4D - 9C
fold,KH - 4D
fold,9H - 8D
fold,AH - 4S
fold,JD - 3D
fold,AC - 3H
fold,9S - 3C
fold,AC - 8D
fold,5H - 8S
fold,9H - 7S
fold,8H - 6D
fold,10D - 4S
fold,9D - 8C
fold,9H - KS
call,3D - 3H
fold,3D - 3H
fold,8C - 5C
call,5D - 6C
fold,6D - AS
call,5D - AD
call,5D - AD
call,5H - 5C
fold,2D - 8S
fold,4C - 4D
fold,6D - AD
fold,7S - 8S
call,KS - 9C
fold,KS - 9C
fold,2S - 3D
fold,4D - 4H
fold,7S - 6S
fold,KH - 6S
fold,4H - 2D
fold,6D - 7H
fold,4C - 2D
fold,8D - 9H
fold,9S - 5S
fold,7C - 2S
fold,10S - 9H
fold,9D - 6C
fold,2C - 8H
fold,QD - 8H
fold,3S - QH
call,8C - 9S
call,JH - 6H
raise,AC - QS
raise,AC - 3C
fold,AC - 3C
fold,10S - 9C
fold,7H - 8H
call,5S - 8H
call,5S - 8H
fold,AC - 10S
fold,5C - QD
fold,10C - 8H
call,6H - 3C
fold,JD - 6S
fold,2S - 6C
fold,2S - QH
fold,2S - JH
fold,2C - 9H
fold,AC - KC
fold,QD - 7H
call,10D - 9S
fold,KH - AH
call,6S - 6H
call,6S - 6H
fold,3C - 4C
call,8C - KD
fold,5S - 9D
fold,2C - 7C
fold,KD - 9H
fold,8C - JC
call,JH - 3S
fold,JH - 3S
call,6C - 5H
fold,KH - 6D
fold,3S - 7H
raise,6C - 6S
raise,6C - 6S
fold,5S - KD
call,KC - QD
raise,KC - QD
fold,8H - 9C
fold,JD - 5S
raise,10H - 9H
fold,10H - 9H
fold,2C - KS
fold,10D - 7D
fold,4H - 2D
fold,JH - 6H
fold,6S - 6D
fold,6H - 5C
raise,JC - 10D
fold,JC - 10D
fold,JD - 5C
fold,7D - 6H
fold,AD - 9C
call,KS - QD
call,2S - JD
fold,3D - 4H
fold,9C - JS
fold,AD - 7H
fold,7C - 6S
fold,JC - 2D
fold,2C - 4C
fold,QC - 5S
fold,2D - QC
fold,QH - 2S
fold,9C - 7D
fold,4D - 6S
fold,AD - AH
fold,8C - 5C
fold,KH - 8D
fold,7S - 6S
fold,9H - QC
fold,8D - 9S
fold,KH - 7S
raise,QS - AH
fold,6S - KD
fold,JD - AS
fold,2C - 8S
fold,4D - 9H
fold,JD - 6H
fold,2C - 10C
fold,6C - 9H
fold,QH - 7D
fold,AH - 10C
fold,10C - 5S
raise,7S - AS
fold,7S - AS
call,2C - KD
fold,6D - 8H
fold,KS - KC
raise,10C - JC
fold,10C - JC
fold,2D - 3S
fold,5C - 6S
fold,4S - 3D
fold,8S - 8D
fold,4H - 10S
fold,3C - QD
fold,KD - 9S
fold,JH - 7D
raise,JS - JD
raise,JS - JD
fold,5D - JD
fold,9C - 7D
fold,AH - 4D
fold,4C - QD
fold,7S - KC
fold,9S - 7D
fold,8D - KS
raise,4H - 5H
fold,4H - 5H
fold,2H - KD
fold,8S - 10C
fold,QD - 5D
fold,2H - 2C
raise,KH - QC
fold,QH - 3D
call,QS - 9S
fold,6S - 8H
fold,2D - 4H
fold,7D - JH
fold,2H - KS
fold,4C - KH
fold,2D - 2H
fold,AH - 6C
fold,JH - 2H
fold,10H - JS
fold,5S - 7H
fold,9S - 7H
fold,8D - 9H
fold,KH - JD
fold,KC - 3C
fold,5S - AH
call,8C - 5D
fold,AD - 5C
fold,JC - KH
raise,7H - 6H
call,JS - QC
fold,2C - 9H
fold,5S - 2D
call,9H - 4S
fold,2S - 8D
fold,4C - AD
fold,7H - KD
fold,4D - AS
call,JD - KH
fold,QC - AS
raise,KD - 10S
call,KD - 10S
fold,5H - KS
fold,10D - 2S
fold,4D - QH
fold,4C - QD
raise,9D - 10D
fold,9D - 10D
fold,2D - 6C
fold,KH - 10S
fold,3S - 6H
fold,7D - 2D
fold,4C - 3S
raise,AC - 5C
fold,AC - 5C
fold,7H - AD
fold,8H - 4C
fold,4S - 9S
call,JC - KD
fold,JC - KD
fold,4D - 8S
fold,5S - 6H
raise,QH - AH
raise,10D - KS
fold,10D - KS
fold,2H - 3H
call,JD - 10S
fold,AD - 8S
fold,7H - JS
call,3D - 7S
raise,KC - AD
fold,2H - JC
fold,4S - QS
raise,AD - QC
fold,AD - QC
fold,8D - AS
fold,5D - JH
fold,AC - 5S
fold,KH - 5C
fold,2S - 7C
fold,5S - 6D
fold,3C - 2C
fold,5S - 7C
fold,8S - QS
call,QS - KS
fold,JH - 3C
fold,3H - KS
fold,9H - 10S
fold,8D - 7C
fold,5S - 2H
fold,QC - 6C
fold,9C - JD
call,9S - 4C
fold,9S - 4C
fold,5H - 6S
fold,7D - KS
call,8H - 7H
call,8H - 7H
call,4C - AD
raise,JD - 9D
fold,JD - 9D
fold,AS - 6C
fold,3C - 8H
fold,AD - KS
call,4C - 5C
fold,4C - 5C
fold,10D - 10S
fold,5H - 9C
fold,6C - 9S
call,9D - 10S
fold,9D - 10S
fold,KC - 10S
fold,3H - KC
fold,8S - 7C
fold,6C - 10D
call,10S - AD
fold,4D - 3S
fold,2D - 5H
fold,7C - JC
fold,5C - 2H
call,8H - 7H
fold,8H - 7H
fold,AH - 2S
fold,4D - 3H
fold,3C - 9D
fold,9C - JD
fold,2H - 5H
fold,KH - 2C
fold,KH - 10D
fold,2H - KD
fold,3D - 6D
fold,7D - 10H
raise,JH - AC
fold,5S - AD
fold,3S - 10H
fold,JS - 5D
raise,JH - QC
fold,5H - AH
call,QD - 2C
raise,AS - QD
call,6C - 3C
fold,KC - 2S
raise,5D - 5S
fold,5D - 5S
fold,8H - AC
call,JD - QC
fold,QS - AC
fold,3C - QH
fold,2S - QD
fold,3H - 7C
fold,KH - KC
fold,4H - 3D
fold,4S - 9D
fold,KD - KC
fold,7C - KS
fold,KC - 8H
fold,8H - 5C
fold,JC - 4C
fold,9D - 10S
raise,4D - 4S
fold,4D - 4S
fold,3S - AC
raise,QD - KS
fold,QD - KS
fold,9C - 4S
fold,2S - KH
call,9S - 4C
fold,8C - KC
fold,AH - 5S
fold,9H - QC
fold,KD - 9C
fold,7S - 2C
fold,AS - 5C
call,9S - QS
fold,9C - 3S
fold,6H - 5H
fold,AH - 6D
fold,4C - 6D
fold,6D - 10D
fold,2S - 4H
fold,AD - 3H
fold,5S - 10D
raise,KD - JC
call,KD - JC
call,9D - 3C
fold,JC - 2C
fold,4D - 2H
raise,9C - JC
raise,9C - JC
fold,2S - 8S
fold,8D - JC
fold,8D - 3C
fold,2S - 9S
fold,10D - QD
call,QC - 9H
fold,QC - 9H
call,6D - 5H
fold,10S - 2H
fold,2H - 8C
fold,7H - 4C
raise,QD - JS
fold,QD - JS
fold,8S - 6S
fold,3H - 9H
fold,5H - 2D
fold,4C - QD
fold,4S - 9D
fold,2H - AS
fold,2D - 9H
fold,8H - 4D
fold,9H - 6C
raise,AH - 10H
fold,AH - 10H
fold,4D - 3C
fold,4D - KD
fold,QC - 7C
fold,3S - QS
fold,AH - 4C
fold,7D - AC
fold,KC - 5D
fold,8C - 5S
fold,7D - JD
fold,2H - 4H
fold,JC - QH
raise,KD - AH
raise,KD - AH
fold,2S - KH
fold,4H - JH
call,10S - 10C
fold,QD - 10C
raise,QS - KS
fold,4D - KS
fold,9D - 5C
raise,KS - KC
raise,KS - KC
fold,10H - KC
call,5C - 3H
fold,AH - 10D
raise,JH - JC
raise,JH - JC
fold,6S - 3S
fold,6D - 3H
fold,4S - KD
call,6S - AD
fold,6S - AD
raise,KC - 10H
call,9H - 8H
raise,QD - AC
fold,KH - JD
fold,9C - 4S
fold,10C - 7S
fold,5C - 5S
fold,3C - 6C
fold,3D - 3C
call,10D - AH
fold,2D - 7H
fold,6C - 3S
fold,9D - 2S
fold,8H - 4S
fold,AS - 8H
fold,JS - 5S
call,2D - QC
fold,4C - 3S
fold,9H - 6D
fold,8D - QD
fold,2H - 7C
call,8S - JC
fold,AH - 7S
fold,3H - 7D
fold,4H - JD
raise,AC - KS
fold,JH - 2C
raise,KC - AH
raise,KC - AH
fold,4C - 5H
fold,JS - 4C
fold,AD - 10H
call,10C - 2D
call,4D - 10H
call,JH - 3H
fold,QD - 5S
fold,6H - AD
fold,2S - KD
fold,QD - 7C
fold,9S - 6H
call,10C - 4S
raise,8S - JS
call,6H - 10D
fold,KC - 8H
fold,2C - KC
fold,3S - 8S
fold,KC - 9D
fold,3C - 6C
call,6H - 3C
fold,JD - 8S
fold,4D - 7H
fold,7D - 10H
fold,KH - 6H
fold,3S - KH
fold,2D - 2C
fold,7C - 10S
call,6H - JC
fold,2C - KH
fold,6H - KS
fold,QD - 7C
raise,7H - 8H
fold,10C - AH
fold,8C - 5D
fold,7H - 10H
call,QS - 9S
raise,3H - AH
call,8C - 3S
fold,QH - 2H
fold,JD - 3C
fold,10D - 5S
call,JH - QD
fold,3D - 10C
fold,QH - 2C
fold,5C - 8H
fold,AD - 4H
fold,AS - 2C
fold,7S - 3H
fold,5D - JD
fold,KS - 3H
call,7S - 7H
fold,KC - 3H
fold,6S - 10S
fold,4S - JC
fold,7D - 9H
fold,4S - 6H
raise,JS - QS
fold,7D - KS
fold,10H - 8D
fold,6H - 5S
fold,6C - 7D
call,JD - 3H
fold,5S - 2H
raise,7C - 6C
fold,3S - QH
fold,10S - 9H
fold,3D - 9S
raise,AS - 9S
fold,9D - 10H
raise,10D - KH
raise,9S - KS
call,10H - JC
fold,8C - 3D
fold,4H - 2C
fold,5D - 6S
call,7H - 3C
fold,3H - KH
fold,9H - 6S
fold,2S - 8D
raise,AS - 8S
fold,8S - 10C
raise,8H - 7H
fold,8H - 7H
fold,8C - 2S
fold,3H - 8D
call,QD - KC
call,JD - JC
fold,AS - 4C
fold,3D - 5H
call,10D - 5C
fold,QH - 9C
fold,QC - 8D
fold,JC - 9S
fold,QC - 6C
fold,3H - 2H
fold,KD - 7D
raise,8S - 9S
fold,QC - 4H
fold,AS - 3H
fold,KC - 7D
fold,8S - 5D
call,KC - 3C
fold,KC - 3C
fold,2H - 7C
fold,4H - 8S
fold,7D - JS
fold,7S - JD
fold,2S - JS
fold,4D - 5H
call,5D - 9D
fold,6H - 3H
fold,6H - 9S
fold,3S - 9D
call,8D - 8H
fold,2H - 9C
fold,4D - AC
fold,AC - 5C
fold,3H - 9H
fold,8D - JS
fold,QD - 6S
fold,KC - 2S
fold,4C - 7S
fold,8C - JH
raise,QC - KD
fold,7S - 4S
fold,AH - 5C
fold,3S - 6D
fold,9H - AS
fold,4S - 8C
fold,2C - KS
fold,9H - JC
call,5D - JD
fold,7D - QS
fold,3C - KC
call,4D - 8D
fold,10C - 3H
fold,10C - 9D
fold,4D - 6S
raise,QH - AC
fold,9H - 3C
fold,8C - KH
fold,5C - 3C
fold,4H - 10D
fold,8H - 7C
call,3H - QS
fold,QS - 8S
fold,10D - AC
call,3H - 3S
call,2D - AD
fold,3H - 8D
call,AD - QC
fold,9C - AD
fold,9C - KS
fold,9H - 5S
fold,5H - AD
fold,5S - 7D
fold,3H - 5C
fold,KC - 3C
fold,5D - 10C
call,8S - QS
fold,8S - QS
fold,QD - 6C
fold,4H - 7H
call,6C - 7S
call,6C - 4H
fold,6C - 4H
fold,AC - QH
fold,4H - 6C
fold,AD - 3S
fold,10C - 8D
fold,10S - 6C
fold,AC - 8D
call,KD - 8D
fold,3C - QS
fold,6C - AS
fold,AD - 7S
fold,AC - 3S
raise,AS - AH
raise,AS - AH
fold,7C - 3H
fold,9C - 8D
fold,3H - KH
fold,5D - QS
call,3D - AD
fold,5S - QC
fold,5H - 3S
call,AS - 9S
fold,2C - QC
call,2D - 9D
fold,KC - 10S
fold,10S - QH
fold,2S - 2H
fold,6D - 5S
call,QS - JH
fold,4S - 7S
fold,5C - 3H
fold,2S - 2D
fold,3D - 8S
fold,QC - 7S
fold,9H - 5S
fold,5H - 8S
fold,2C - 3C
fold,7D - JC
fold,6D - 5S
fold,3H - 2D
call,8H - 7H
fold,9S - QD
fold,3H - 6C
fold,5H - JS
call,8S - 7S
fold,7D - 6S
call,5H - QD
raise,JC - AC
call,2S - AS
fold,6D - 5S
fold,JD - 8C
fold,JD - 6D
raise,QH - QS
fold,JS - 5C
fold,QH - 2C
raise,10D - 10S
raise,QS - QD
raise,QD - QH
fold,3S - KD
call,4C - 4H
fold,7S - QC
fold,5D - 10D
fold,AH - 10S
call,AC - 2C
fold,5D - 2H
fold,3S - 3C
raise,AC - QC
call,AH - 7H
fold,7D - KC
call,JS - AC
fold,AC - 4H
fold,4C - KS
fold,9H - 6H
fold,2D - KD
fold,3D - 7H
fold,4D - 4C
fold,KD - 6S
fold,5C - 3S
raise,AC - KC
fold,7S - 5D
fold,4H - 7S
fold,8H - JH
fold,5S - 2H
fold,AC - 2H
fold,2H - JS
fold,10C - KH
fold,10C - 3C
fold,QC - 8S
fold,5H - 2H
call,KD - 7D
fold,4D - JC
fold,6H - 10C
call,9H - KC
fold,QC - 6C
fold,5D - JC
fold,JC - 6D
fold,10D - QC
fold,2C - AH
fold,10C - JH
fold,2D - JD
fold,7C - AD
fold,2H - 8H
fold,3H - 9C
fold,8H - QC
fold,2S - 10C
fold,5D - AC
fold,6H - 2H
raise,10H - JC
fold,10H - JC
call,QD - 4D
fold,4D - 3C
call,5D - QC
fold,5D - QC
fold,9S - AC
raise,5D - 5S
fold,5D - 5S
raise,JH - AC
fold,JH - AC
fold,10C - 6S
call,4D - 8C
call,4D - 8C
call,9H - 8H
fold,5H - 6D
fold,6C - 3H
fold,QH - 7C
fold,4S - 6S
fold,QS - 3H
fold,2C - KC
fold,8S - JD
fold,2C - 2H
fold,QD - 7H
fold,9H - AD
fold,6D - 3C
fold,JC - 6D
fold,3D - 6H
call,8C - KC
raise,JS - 10D
fold,10C - 5D
fold,4S - KD
fold,KH - 9S
fold,3C - 6H
call,4S - QD
fold,10H - KS
fold,AH - 7D
fold,9S - 7H
fold,3C - 6C
fold,AD - 7S
fold,10S - AH
fold,8C - 7H
fold,7C - AD
call,2S - AS
fold,QC - 4D
fold,2H - 6D
fold,8C - JH
fold,JS - 2H
fold,4C - 6D
fold,AH - KS
raise,KH - 10C
fold,KH - 10C
fold,4D - 8S
fold,3H - 10S
fold,4H - KH
fold,7D - JC
raise,QD - KH
call,AS - 7C
fold,2H - 4H
fold,4D - QH
fold,6C - KD
call,3C - AH
fold,9D - KC
fold,3C - 8S
fold,7S - 9C
fold,3C - 4H
fold,KD - 6D
fold,2D - 5H
fold,3C - 7S
fold,8C - 7D
fold,4S - 2D
fold,4C - AH
fold,AH - QC
fold,9C - 10D
fold,JH - 9C
raise,JD - AD
raise,JD - AD
fold,4D - AC
fold,7H - JD
fold,KH - 5S
fold,JD - 3S
call,10H - KH
fold,JH - 9C
fold,10C - KS
fold,AC - 10D
fold,8H - 5H
fold,4C - 7C
fold,2H - 3D
call,8D - 3S
fold,4C - 2D
fold,2S - 4D
fold,7H - 3H
call,JD - AC
fold,QH - 7H
call,10S - JD
call,KC - QH
fold,QH - 5D
fold,4S - JD
fold,6D - 3H
fold,KC - 8S
call,9H - 8H
raise,KH - QH
fold,4C - KD
fold,4D - 8H
fold,2S - 6D
fold,QS - 10H
fold,2S - 10C
fold,10C - 7H
fold,5C - JD
fold,2S - 6H
call,5H - 6H
fold,QH - 8D
fold,6S - 4S
fold,2C - 5D
fold,8D - 5D
fold,7C - 3D
fold,AC - 3D
fold,7H - 2D
fold,8S - 9H
call,4S - 2D
call,7S - 9S
fold,JH - 7C
fold,5C - KS
call,8D - 8H
fold,3H - AD
fold,2H - AD
fold,7C - 5D
call,AS - 6H
fold,6D - 2H
fold,2D - 2C
call,JC - 5D
fold,8C - 9S
fold,QD - 7H
call,9H - 10H
fold,6S - AC
fold,5C - 3S
fold,7D - 10H
call,QS - JD
fold,8H - JC
fold,AS - 5D
fold,4H - 5D
fold,8D - KS
fold,6C - 8S
fold,8S - AH
fold,7C - 4H
fold,3H - 10H
fold,5S - 3D
fold,8H - 3C
fold,4H - 2C
fold,AC - 8H
fold,3H - 10D
fold,7H - 2H
call,8H - AC
fold,2C - JS
fold,4C - 2C
fold,JS - 6H
fold,4C - JC
call,10S - 10D
call,5H - QC
fold,2D - 9C
fold,2C - 8H
fold,6D - 9H
fold,8C - AS
fold,3S - JD
fold,4S - JC
fold,6D - 5C
call,JD - 5D
fold,KC - 8D
fold,KD - 9S
fold,5S - AH
fold,8C - QH
fold,AS - 3D
fold,5H - 4S
fold,7C - 9C
call,9D - QH
fold,2H - 10H
fold,8S - 3S
fold,4H - 6C
fold,KD - 8D
raise,KS - QD
fold,KS - QD
fold,AS - 6C
fold,KS - 5D
fold,8S - 5D
raise,5D - 7D
fold,QS - 8C
fold,3D - 6S
fold,7C - 3D
call,10H - JC
fold,10H - JC
call,6D - 2S
fold,AC - 4H
fold,8S - JH
call,5C - 5H
fold,3H - 4H
fold,7H - 2C
fold,3C - 6H
raise,QS - KS
fold,AS - 2S
fold,3H - 6C
fold,QH - 8S
fold,QC - 2S
fold,9H - JD
fold,QC - 10D
fold,5D - JH
fold,2D - 3C
fold,5C - 7D
raise,AS - QH
fold,6S - 3S
fold,5S - 8S
fold,10C - 6C
fold,7S - 2H
fold,6H - 7S
fold,QD - 3S
fold,3C - 10H
raise,8H - AH
fold,3D - 6S
fold,5S - 4C
raise,AD - AC
raise,AD - AC
call,8D - JD
fold,8D - JD
fold,4H - KD
fold,JC - QS
raise,KS - 10S
fold,3S - 10H
raise,10H - QH
fold,10H - QH
fold,4C - JC
fold,QH - 8H
raise,JH - QS
call,JH - QS
fold,10H - 5H
raise,QH - KS
fold,QH - KS
fold,10H - 9D
fold,KC - 5H
fold,2H - KD
fold,8D - QC
fold,10H - 4S
fold,8D - 3S
call,KC - JS
call,JH - QH
fold,AD - 6D
fold,3H - 7S
fold,2C - 3C
fold,2D - 6H
call,7H - 6H
fold,4H - 5C
call,AD - 10D
fold,2H - AH
fold,9C - 6H
fold,8D - KD
fold,KC - 5D
raise,9C - 10S
fold,9C - 10S
call,KC - 3C
call,5S - QD
call,5S - QD
call,AS - QC
fold,5S - 5C
fold,JH - 7H
fold,8S - JD
fold,2H - 2C
fold,2D - JS
raise,9D - 9C
fold,9D - 9C
fold,5C - AS
fold,JD - KC
fold,JC - 10H
raise,QS - 10C
call,QS - 10C
fold,5D - QD
fold,3S - 4H
raise,10H - 10D
raise,10H - 10D
raise,JS - AH
fold,JS - AH
fold,KS - 8S
call,JH - QD
call,JH - QD
fold,10H - QH
call,5S - QH
fold,5S - QH
fold,2D - 7S
raise,5C - KC
fold,5C - KC
fold,3H - 9H
fold,7S - 2H
fold,QC - 9C
fold,QH - 5D
call,7C - KC
fold,5C - 6S
fold,AD - QC
fold,QH - 6S
call,6S - 10H
fold,4C - 5D
fold,KD - JH
fold,8H - 4C
fold,QC - 7D
fold,2S - 5C
raise,QS - QD
fold,3C - 8C
fold,7H - KC
fold,3S - 5C
raise,6D - 7D
fold,6S - 6D
fold,QH - 6D
fold,2H - 2C
raise,QS - AS
fold,10H - AD
fold,9S - 7H
fold,8C - 9H
fold,AH - 8C
fold,AD - 10S
fold,2S - KS
fold,4C - 2S
fold,QC - 5S
fold,6D - 3S
raise,QD - 10C
fold,10S - 9H
